entry_time,exit_time,direction,tier,entry_price,tp_price,sl_price,exit_price,result,pnl_pct,pnl_abs
2022-01-09 19:15:00,2022-01-10 14:15:00,short,3,42586.51,40456.56,44716.46000000001,40456.56,TP,4.901466426809814,96.07955863535753
2022-01-11 08:15:00,2022-01-12 08:15:00,short,2,42205.55,39610.0,44801.100000000006,42580.97,timeout,-0.9895038685670445,-15.984729056939438
2022-01-12 09:15:00,2022-01-13 09:15:00,short,3,42849.4,39610.0,46088.8,43869.69,timeout,-2.481106853304832,-32.65000511253381
2022-01-13 15:15:00,2022-01-14 10:45:00,long,3,43274.5,44300.0,42249.0,42249.0,SL,-2.4697558608418353,-100.47444824465886
2022-01-18 22:30:00,2022-01-19 07:15:00,short,2,42470.17,41260.0,43680.34,41260.0,TP,2.7494588083824443,92.72475763992591
2022-01-23 08:00:00,2022-01-24 08:00:00,short,2,35666.29,33950.0,37382.58,35019.84,timeout,1.712495776824571,35.00134264838709
2022-01-25 10:15:00,2022-01-26 10:15:00,short,2,36454.63,32853.83,40055.42999999999,37695.39,timeout,-3.503573153807903,-35.37709355423233
2022-01-26 19:00:00,2022-01-27 19:00:00,short,3,37831.57,32853.83,42809.31,36213.19,timeout,4.177855769665381,31.63673425359686
2022-01-29 15:45:00,2022-01-30 15:45:00,long,3,37543.79,38886.58,36201.0,37962.13,timeout,1.0142721605889988,27.783003997239167
2022-02-01 10:15:00,2022-02-01 13:15:00,long,2,38135.09,38750.94,37519.23999999999,38750.94,TP,1.5149168652807843,89.20986505244475
2022-02-05 17:00:00,2022-02-06 14:30:00,long,3,41030.0,41922.0,40138.0,41922.0,TP,2.0740190104801366,92.9191874734625
2022-02-06 14:45:00,2022-02-06 23:00:00,long,3,41300.0,41922.0,40678.0,41922.0,TP,1.4060532687651333,90.00603269238961
2022-02-10 14:00:00,2022-02-10 15:30:00,long,2,43350.0,45600.0,41100.0,45600.0,TP,5.090311418685121,99.78803744568641
2022-02-16 04:15:00,2022-02-17 04:15:00,long,2,43703.6,44777.0,42630.2,43541.7,timeout,-0.47045003157634946,-19.271317823376354
2022-02-17 08:30:00,2022-02-17 13:45:00,long,2,43476.8,44777.0,42176.600000000006,42176.600000000006,SL,-3.0905604828322164,-104.51390926046751
2022-02-20 22:45:00,2022-02-21 11:30:00,short,3,38795.6,37905.0,39686.2,37905.0,TP,2.195621152914244,94.83061216512569
2022-02-23 09:00:00,2022-02-24 02:45:00,short,3,38931.2,36310.1,41552.299999999996,36310.1,TP,6.632646309386812,101.3606594471535
2022-02-24 18:45:00,2022-02-24 19:00:00,short,2,36372.6,36310.1,36435.1,36435.1,SL,-0.27183264325343803,-105.43068288398563
2022-02-25 11:30:00,2022-02-26 11:30:00,short,2,38627.8,34303.7,42951.90000000001,38975.0,timeout,-0.9988345181449553,-9.230763272769211
2022-02-28 08:00:00,2022-02-28 15:15:00,short,2,38425.5,36934.6,39916.4,39916.4,SL,-3.979975537078246,-104.28406842241806
2022-03-02 13:15:00,2022-03-02 15:00:00,long,2,43699.8,44935.0,42464.600000000006,44935.0,TP,2.7265575586158217,96.18575552072458
2022-03-03 03:45:00,2022-03-04 01:00:00,long,2,43312.7,45350.0,41275.399999999994,41275.399999999994,SL,-4.803701223890459,-104.20308529340114
2022-03-04 13:30:00,2022-03-05 13:30:00,long,2,41426.6,45350.0,37503.2,38990.4,timeout,-5.980762601806562,-64.46551094207982
2022-03-05 16:45:00,2022-03-06 10:00:00,short,3,39313.7,38521.0,40106.399999999994,38521.0,TP,1.9163454470070156,92.8283401839891
2022-03-09 02:15:00,2022-03-09 04:00:00,short,2,39369.4,37134.0,41604.8,41604.8,SL,-5.778013888959449,-103.44468273288624
2022-03-10 01:30:00,2022-03-10 04:30:00,long,2,41350.0,42647.5,40052.5,40052.5,SL,-3.2378476420798066,-102.41023590555737
2022-03-12 13:00:00,2022-03-13 13:00:00,short,2,39184.9,38200.1,40169.700000000004,38640.0,timeout,1.290586680073195,50.07153783721079
2022-03-17 10:30:00,2022-03-18 10:30:00,long,2,40715.1,41804.0,39626.2,40570.1,timeout,-0.4561332282126287,-16.75077319413296
2022-03-18 11:30:00,2022-03-18 18:00:00,long,2,40362.4,41804.0,38920.8,41804.0,TP,3.471640933145696,96.1785302560753
2022-03-20 12:00:00,2022-03-21 12:00:00,long,3,41401.9,42446.6,40357.200000000004,41146.6,timeout,-0.7166383668382439,-28.050485249453654
2022-03-23 01:00:00,2022-03-24 01:00:00,long,2,42129.5,43517.7,40741.3,42969.6,timeout,1.894089652143981,57.128567405464665
2022-03-24 13:30:00,2022-03-24 14:45:00,long,2,42918.9,43517.7,42320.100000000006,43517.7,TP,1.295189531884544,89.19814751989017
2022-03-25 08:00:00,2022-03-25 10:45:00,long,3,43826.8,44200.0,43453.600000000006,44200.0,TP,0.7515337647284243,82.03305259026091
2022-03-26 13:15:00,2022-03-27 13:15:00,long,2,44214.0,45142.0,43286.0,44537.9,timeout,0.6325733930429308,30.115499842851097
2022-03-28 23:45:00,2022-03-29 23:45:00,long,2,47121.9,48200.0,46043.8,47418.5,timeout,0.5294313259864278,23.276788082679445
2022-03-30 01:30:00,2022-03-31 01:30:00,long,3,46756.1,48200.0,45312.2,47254.5,timeout,0.9659571692249812,31.87933963628032
2022-03-31 15:15:00,2022-04-01 02:00:00,long,2,46524.5,48200.0,44849.0,44849.0,SL,-3.701328332384013,-105.53693559377305
2022-04-02 15:00:00,2022-04-03 15:00:00,long,2,46364.5,47688.6,45040.4,46560.8,timeout,0.32338427029301064,11.430792898796925
2022-04-04 00:15:00,2022-04-05 00:15:00,long,2,45970.1,47448.0,44492.2,46558.3,timeout,1.1795273449481387,37.21774604665423
2022-04-05 13:00:00,2022-04-05 23:45:00,long,2,46420.6,47448.0,45393.2,45393.2,SL,-2.313241535008168,-104.96805162728982
2022-04-08 08:45:00,2022-04-08 18:00:00,short,3,43684.4,42685.0,44683.8,42685.0,TP,2.187773209658371,95.21416330010133
2022-04-09 17:30:00,2022-04-10 17:15:00,short,2,42554.0,42074.0,43034.0,43034.0,SL,-1.2279785684072002,-104.87051274401794
2022-04-13 13:45:00,2022-04-14 13:45:00,short,3,40496.4,39136.7,41856.100000000006,40586.2,timeout,-0.32174810600447357,-9.661221650000078
2022-04-15 07:45:00,2022-04-16 07:45:00,short,2,40225.6,39136.7,41314.5,40376.0,timeout,-0.4738912533312156,-17.5114952740928
2022-04-16 15:00:00,2022-04-17 15:00:00,short,2,40159.6,39522.0,40797.2,40314.7,timeout,-0.486209025986311,-29.832328879022448
2022-04-18 17:00:00,2022-04-18 18:15:00,short,3,40129.8,39136.7,41122.90000000001,41122.90000000001,SL,-2.574719535108587,-103.25175715854662
2022-04-19 11:45:00,2022-04-20 11:45:00,short,3,40661.5,38465.7,42857.3,42070.8,timeout,-3.565932147117059,-66.27163577838014
2022-04-23 16:00:00,2022-04-24 16:00:00,short,3,39912.8,39133.0,40692.600000000006,39621.2,timeout,0.6305926920687244,31.182234769649945
2022-04-25 18:45:00,2022-04-26 16:00:00,short,2,39865.2,38465.7,41264.7,38465.7,TP,3.410580656813462,96.22557754261656
2022-04-27 08:00:00,2022-04-28 08:00:00,short,2,39053.8,37671.8,40435.8,39497.4,timeout,-1.2358689807393866,-34.92589830094582
2022-04-28 08:45:00,2022-04-29 08:45:00,short,2,39604.0,37671.8,41536.2,39401.4,timeout,0.41156448843550786,8.47145501318831
2022-05-02 13:30:00,2022-05-03 13:30:00,short,2,38897.9,37350.0,40445.8,38294.9,timeout,1.4502122222536433,36.46193891293005
2022-05-04 07:45:00,2022-05-04 19:00:00,short,2,38673.1,37350.0,39996.2,39996.2,SL,-3.521241121089332,-102.93067630855175
2022-05-10 06:15:00,2022-05-11 06:15:00,short,2,32434.9,30003.6,34866.200000000004,31319.0,timeout,3.3404299072912242,44.81268562811508
2022-05-11 10:00:00,2022-05-11 12:45:00,short,2,32036.9,29701.4,34372.4,29701.4,TP,7.1900311827923415,99.57956231432249
2022-05-13 02:15:00,2022-05-14 02:15:00,short,2,30002.3,26631.0,33373.6,29679.0,timeout,0.9775840518893526,8.91156791818495
2022-05-14 22:45:00,2022-05-15 22:45:00,short,2,30223.3,26631.0,33815.6,31087.8,timeout,-2.960375935122902,-25.547157859421677
2022-05-17 08:30:00,2022-05-18 08:30:00,short,2,30687.9,28602.3,32773.5,29772.3,timeout,2.88358636465839,43.143604914323376
2022-05-19 12:15:00,2022-05-19 15:30:00,short,2,29538.8,28629.6,30448.0,30448.0,SL,-3.17798556474874,-103.61037217462146
2022-05-21 07:30:00,2022-05-22 07:30:00,short,2,29487.6,28629.6,30345.6,29381.3,timeout,0.26049051126574996,8.877843181256347
2022-05-22 08:45:00,2022-05-22 22:15:00,short,2,29541.8,28670.5,30413.1,30413.1,SL,-3.0493802002586143,-102.66304688468782
2022-05-23 14:00:00,2022-05-23 19:00:00,long,2,30114.7,30658.0,29571.4,29571.4,SL,-1.9041023154804775,-101.63641641584093
2022-05-24 15:45:00,2022-05-25 02:15:00,short,2,29373.9,28840.7,29907.100000000002,29907.100000000002,SL,-1.9152169102502588,-100.62005225168254
2022-05-25 18:00:00,2022-05-26 13:15:00,short,2,29818.8,28637.6,31000.0,28637.6,TP,3.861259339745398,94.70828705594737
2022-05-27 12:45:00,2022-05-28 12:45:00,short,2,29242.5,27952.1,30532.9,28970.1,timeout,0.8315209027955937,18.529370988682764
2022-05-28 13:15:00,2022-05-29 13:15:00,short,3,29085.2,27952.1,30218.300000000003,29364.0,timeout,-1.0585631180119075,-26.689612509564252
2022-05-31 13:30:00,2022-05-31 16:30:00,long,3,31366.9,32307.6,30426.200000000004,32307.6,TP,2.899021261265847,93.99474729699779
2022-06-01 04:00:00,2022-06-01 16:15:00,long,2,31473.2,32427.5,30518.9,30518.9,SL,-3.1321035039335023,-101.41927965748636
2022-06-04 14:30:00,2022-06-05 14:30:00,short,3,29763.5,29220.0,30307.0,29760.0,timeout,-0.0882406303022158,-4.599959702251319
2022-06-05 15:15:00,2022-06-06 01:00:00,short,2,29818.6,29220.0,30417.199999999997,30417.199999999997,SL,-2.1074718464314173,-100.35908726388897
2022-06-07 14:45:00,2022-06-07 19:30:00,short,2,29892.1,29190.0,30594.199999999997,30594.199999999997,SL,-2.448781116080833,-99.35549639125009
2022-06-12 14:45:00,2022-06-12 22:00:00,short,2,27798.6,27162.7,28434.499999999996,27162.7,TP,2.187525271056808,90.12228485743672
2022-06-15 18:45:00,2022-06-15 19:30:00,short,2,21529.1,20823.0,22235.199999999997,22235.199999999997,SL,-3.379746947155239,-99.26316427591195
2022-06-15 22:15:00,2022-06-16 14:00:00,short,2,22635.5,20823.0,24448.0,20823.0,TP,7.9073336131298175,95.84629459577877
2022-06-19 10:15:00,2022-06-20 10:15:00,short,3,19698.0,17593.2,21802.8,20529.6,timeout,-4.321748400852871,-39.76160273085952
2022-06-21 06:00:00,2022-06-22 06:00:00,short,2,21134.0,17593.2,24674.8,20350.2,timeout,3.608715813381278,21.161350243225893
2022-06-23 19:30:00,2022-06-24 19:30:00,short,2,20825.3,19745.7,21904.899999999998,21165.9,timeout,-1.7355106529077717,-32.52982594777202
2022-06-26 15:00:00,2022-06-27 13:45:00,long,2,21268.2,21816.0,20720.4,20720.4,SL,-2.6756763618923993,-98.71769479475657
2022-06-29 19:45:00,2022-06-30 06:15:00,short,2,20214.1,19817.2,20610.999999999996,19817.2,TP,1.8634809365739649,88.25812427005292
2022-07-02 12:30:00,2022-07-03 12:30:00,short,3,19385.4,18563.0,20207.800000000003,19032.4,timeout,1.720958040587246,39.08213376890004
2022-07-03 17:45:00,2022-07-04 12:00:00,short,2,19212.6,18563.0,19862.199999999997,19862.199999999997,SL,-3.4811144769578224,-99.00392042719852
2022-07-09 11:45:00,2022-07-10 11:45:00,long,3,21437.4,22579.9,20294.9,21296.1,timeout,-0.7591284390831113,-13.703936478137203
2022-07-10 15:30:00,2022-07-11 15:30:00,long,2,20900.1,22579.9,19220.299999999996,20422.7,timeout,-2.384199597131104,-28.677625223634443
2022-07-11 18:30:00,2022-07-11 21:45:00,short,2,20653.6,20260.0,21047.199999999997,20260.0,TP,1.805721036526313,87.85889523588328
2022-07-13 07:30:00,2022-07-13 12:15:00,short,3,19680.9,19228.3,20133.500000000004,20133.500000000004,SL,-2.3996915791452738,-98.46865455826766
2022-07-13 23:15:00,2022-07-14 23:15:00,short,2,20072.4,18901.0,21243.800000000003,20535.3,timeout,-2.4061517307347295,-39.515867923259854
2022-07-17 17:45:00,2022-07-18 05:30:00,long,2,20912.5,21674.1,20150.9,21674.1,TP,3.541841004184093,91.89944884352839
2022-07-18 19:45:00,2022-07-18 23:45:00,long,2,21614.8,22579.9,20649.699999999997,22579.9,TP,4.364996206303099,93.71392056798426
2022-07-21 11:15:00,2022-07-22 11:15:00,long,2,22563.4,24277.0,20849.800000000003,23501.5,timeout,4.057618089472324,52.1769533482003
2022-07-23 09:00:00,2022-07-24 09:00:00,long,3,22655.0,24277.0,21033.0,22657.0,timeout,-0.09117192672699184,-1.2491890079977126
2022-07-25 20:00:00,2022-07-25 22:30:00,short,2,22153.7,21544.5,22762.9,21544.5,TP,2.6498792526756283,92.47468140960638
2022-07-26 23:45:00,2022-07-27 18:00:00,short,2,21241.0,20689.6,21792.4,21792.4,SL,-2.695922979144115,-100.37896748506563
2022-07-31 09:00:00,2022-08-01 09:00:00,long,2,23616.0,24700.0,22532.0,23326.8,timeout,-1.3245934959349626,-28.065814887000805
2022-08-02 14:45:00,2022-08-02 16:30:00,short,3,23014.5,22603.0,23426.0,23426.0,SL,-1.888003215364227,-99.09451966134498
2022-08-06 17:45:00,2022-08-07 17:45:00,long,2,23121.1,23650.0,22592.199999999997,23235.1,timeout,0.39305612622236835,16.150732161185264
2022-08-09 09:15:00,2022-08-09 13:45:00,long,3,23695.9,24243.0,23148.800000000003,23148.800000000003,SL,-2.4088382378386073,-98.26508178634339
2022-08-13 20:00:00,2022-08-14 07:30:00,long,2,24371.1,24972.0,23770.199999999997,24972.0,TP,2.3656252692738593,89.69890486795838
2022-08-14 17:00:00,2022-08-15 03:00:00,long,2,24238.4,24972.0,23504.800000000003,24972.0,TP,2.92660241600105,91.89915748587603
2022-08-18 10:00:00,2022-08-18 23:15:00,short,2,23498.4,23170.0,23826.800000000003,23170.0,TP,1.2975419603036862,85.86360225526725
2022-08-21 08:00:00,2022-08-22 08:00:00,short,3,21402.4,20742.9,22061.9,20961.4,timeout,1.9605165775800841,61.59728219809432
2022-08-23 20:15:00,2022-08-24 20:15:00,short,2,21563.4,20742.9,22383.9,21704.2,timeout,-0.7529582533366689,-19.392099866052817
2022-08-26 12:30:00,2022-08-26 15:00:00,short,3,21496.9,20874.8,22119.000000000004,20874.8,TP,2.7939056329052194,93.6735374232005
2022-08-28 16:15:00,2022-08-28 23:15:00,short,2,20111.0,19744.0,20478.0,19744.0,TP,1.724871960618567,90.78881411828306
2022-08-29 12:30:00,2022-08-29 16:00:00,short,2,19941.9,19508.0,20375.800000000003,20375.800000000003,SL,-2.27582075930579,-102.22372295330622
2022-08-30 07:30:00,2022-08-31 07:30:00,short,2,20450.8,19508.0,21393.6,20260.1,timeout,0.8324818589003888,17.886797481283054
2022-08-31 13:45:00,2022-09-01 13:45:00,short,2,20295.5,19508.0,21083.0,19964.0,timeout,1.5333670025375081,39.05694236052516
2022-09-02 12:30:00,2022-09-03 12:30:00,short,3,20257.6,19524.4,20990.799999999996,19807.3,timeout,2.1228694415922877,58.08662893530136
2022-09-04 12:00:00,2022-09-04 23:30:00,short,3,19775.6,19555.0,19996.199999999997,19996.199999999997,SL,-1.2155160905358044,-102.35178941154427
2022-09-05 00:00:00,2022-09-06 00:00:00,short,2,19963.0,19555.0,20371.0,19857.5,timeout,0.4284776837148725,20.25248996008138
2022-09-06 00:15:00,2022-09-06 17:00:00,short,2,19898.4,19570.0,20226.800000000003,19570.0,TP,1.5503839504683865,89.92982208338574
2022-09-07 18:45:00,2022-09-08 18:45:00,short,2,19063.6,18600.0,19527.199999999997,19194.2,timeout,-0.7850752218888469,-31.761369019423913
2022-09-11 20:30:00,2022-09-12 01:15:00,long,2,21555.9,21883.4,21228.4,21883.4,TP,1.419305619343196,89.50059598563388
2022-09-17 00:30:00,2022-09-18 00:30:00,short,2,19959.9,19300.0,20619.800000000003,20032.2,timeout,-0.46222626365863184,-13.978557113516365
2022-09-20 07:15:00,2022-09-21 07:15:00,short,2,19467.4,18215.0,20719.800000000003,18916.0,timeout,2.7324275455376754,43.02231807175003
2022-09-21 10:45:00,2022-09-21 17:45:00,short,2,19094.9,18215.0,19974.800000000003,19974.800000000003,SL,-4.708036700899201,-103.29792451710792
2022-09-21 18:45:00,2022-09-21 22:15:00,short,2,19627.5,18215.0,21040.0,18215.0,TP,7.096535473188129,99.46183561399795
2022-09-24 13:00:00,2022-09-25 13:00:00,short,2,19172.2,18084.3,20260.100000000002,19053.4,timeout,0.5196471975047166,9.292549440971621
2022-09-30 12:30:00,2022-10-01 12:30:00,long,3,19323.3,20375.0,18271.6,19238.2,timeout,-0.5404009667085774,-10.076725667297797
2022-10-02 05:30:00,2022-10-03 05:30:00,short,2,19324.9,18827.2,19822.600000000002,19157.4,timeout,0.7667573958985557,29.59109747449125
2022-10-03 13:00:00,2022-10-03 23:15:00,short,2,19293.5,18896.0,19691.0,19691.0,SL,-2.160279368699303,-103.54763284055848
2022-10-05 11:30:00,2022-10-06 11:30:00,long,2,19980.3,20500.0,19460.6,20198.3,timeout,0.9910747085879592,37.61379927873879
2022-10-06 14:00:00,2022-10-07 14:00:00,long,2,19937.2,20500.0,19374.4,19632.9,timeout,-1.6262925586341075,-57.247439365561675
2022-10-11 12:00:00,2022-10-11 14:00:00,short,2,19188.9,18935.7,19442.100000000002,18935.7,TP,1.2195128433625726,87.90019568214363
2022-10-12 06:45:00,2022-10-13 06:45:00,short,2,19143.4,18850.0,19436.800000000003,19052.5,timeout,0.3748372807338375,23.692420218159707
2022-10-14 14:15:00,2022-10-15 14:15:00,long,2,19452.7,19947.9,18957.5,19122.6,timeout,-1.796936672030115,-70.25095986962502
2022-10-16 15:00:00,2022-10-17 15:00:00,short,2,19146.2,17917.8,20374.600000000002,19461.9,timeout,-1.748891163781851,-27.57292237224007
2022-10-18 14:15:00,2022-10-18 18:45:00,long,2,19463.5,19706.4,19220.6,19220.6,SL,-1.3479769825571017,-102.45350744786906
2022-10-21 16:00:00,2022-10-22 16:00:00,short,2,19133.7,18600.0,19667.4,19202.5,timeout,-0.45957499072317043,-16.133287149444595
2022-10-27 03:00:00,2022-10-27 20:15:00,long,2,20699.1,21030.0,20368.199999999997,20368.199999999997,SL,-1.6986202298650739,-101.2676395018959
2022-10-27 22:30:00,2022-10-28 22:30:00,long,2,20273.2,21030.0,19516.4,20614.0,timeout,1.5810370341139988,41.353121570484326
2022-10-30 09:45:00,2022-10-31 09:45:00,long,2,20683.7,21088.0,20279.4,20704.7,timeout,0.0015292234948292458,0.07492392003324444
2022-10-31 14:30:00,2022-11-01 14:30:00,long,2,20353.6,21088.0,19619.199999999997,20405.8,timeout,0.15646568665985738,4.247681625057511
2022-11-02 07:00:00,2022-11-03 07:00:00,long,2,20415.8,20925.2,19906.399999999998,20345.2,timeout,-0.4458105976743431,-17.301027639384817
2022-11-06 16:00:00,2022-11-06 23:15:00,long,2,21206.0,21473.7,20938.3,20938.3,SL,-1.3623785721022388,-100.53871010163887
2022-11-07 00:45:00,2022-11-08 00:45:00,long,2,20894.4,21473.7,20315.100000000002,20505.4,timeout,-1.9617428593307298,-67.97489565271918
2022-11-10 13:30:00,2022-11-11 13:30:00,short,3,17349.1,15462.6,19235.6,17380.8,timeout,-0.2827184119060973,-2.5467768630645704
2022-11-15 13:30:00,2022-11-16 13:30:00,short,3,16987.2,15805.5,18168.9,16583.2,timeout,2.2782612790807195,31.90802582055195
2022-11-17 15:15:00,2022-11-18 15:15:00,short,3,16666.2,15805.5,17526.9,16671.2,timeout,-0.13000084002352066,-2.4483992805692796
2022-11-19 21:30:00,2022-11-20 21:30:00,short,2,16652.1,16358.0,16946.199999999997,16430.6,timeout,1.2301625620792573,65.34172241417143
2022-11-22 13:00:00,2022-11-23 07:30:00,short,3,16022.4,15443.2,16601.6,16601.6,SL,-3.7149390852806006,-99.77611976500619
2022-11-27 03:00:00,2022-11-28 01:15:00,short,2,16517.9,16313.1,16722.700000000004,16313.1,TP,1.1398670533179223,84.03385711510306
2022-11-28 14:30:00,2022-11-28 16:15:00,short,2,16245.5,16040.0,16451.0,16040.0,TP,1.164965682804469,85.02218406957346
2022-11-28 16:45:00,2022-11-29 16:45:00,short,3,16303.8,16040.0,16567.6,16403.9,timeout,-0.7139672959678246,-41.75225024105916
2022-11-30 17:15:00,2022-11-30 19:15:00,long,3,16757.8,17082.2,16433.399999999998,17082.2,TP,1.8358149637780703,90.22227170298508
2022-12-01 13:45:00,2022-12-01 15:30:00,long,3,17082.0,17248.3,16915.7,16915.7,SL,-1.0735393981969283,-100.95361919382215
2022-12-01 16:15:00,2022-12-02 16:15:00,long,2,16945.3,17348.5,16542.1,16902.5,timeout,-0.3525774108454809,-14.21220045106389
2022-12-03 20:45:00,2022-12-04 20:45:00,long,3,16927.6,17348.5,16506.699999999997,17080.6,timeout,0.8038493348141499,31.01744238512815
2022-12-05 15:00:00,2022-12-06 15:00:00,long,3,17043.7,17348.5,16738.9,16956.2,timeout,-0.6133861778839101,-32.51917950183862
2022-12-06 17:15:00,2022-12-07 17:15:00,long,2,16963.0,17430.0,16496.0,16810.7,timeout,-0.9978364676059618,-34.899852755277706
2022-12-08 12:00:00,2022-12-08 18:15:00,short,2,16831.8,16655.0,17008.6,17008.6,SL,-1.1503927090388388,-99.4379450986534
2022-12-09 13:30:00,2022-12-10 13:30:00,long,3,17130.2,17294.9,16965.5,17141.0,timeout,-0.03695345063105351,-3.4271944883904326
2022-12-10 22:30:00,2022-12-11 22:30:00,long,2,17113.0,17365.4,16860.6,17114.1,timeout,-0.09357213814060338,-5.846946232882266
2022-12-11 23:00:00,2022-12-12 23:00:00,long,2,17099.1,17365.4,16832.799999999996,17147.1,timeout,0.1807165289401197,10.723848398854543
2022-12-15 13:00:00,2022-12-16 13:00:00,long,3,17564.8,18400.0,16729.6,16997.9,timeout,-3.3274776826379906,-67.48082465250509
2022-12-17 21:15:00,2022-12-18 21:15:00,short,2,16700.1,16521.1,16879.1,16738.0,timeout,-0.32694474883384805,-27.281414127125604
2022-12-18 22:30:00,2022-12-19 17:30:00,short,3,16786.3,16521.1,17051.5,16521.1,TP,1.4798597665953828,85.90108552314626
2022-12-20 02:30:00,2022-12-21 02:30:00,short,2,16769.2,16210.0,17328.4,16853.6,timeout,-0.6033036757865481,-17.27862997104897
2022-12-21 14:45:00,2022-12-22 14:45:00,short,3,16789.0,16210.0,17368.0,16667.3,timeout,0.6248793853118156,17.291205964699312
2022-12-23 10:15:00,2022-12-24 10:15:00,short,2,16852.5,16390.3,17314.7,16825.8,timeout,0.058433466844686116,2.022104902976316
2022-12-24 19:00:00,2022-12-25 19:00:00,short,3,16844.5,16556.1,17132.9,16753.7,timeout,0.4390483540621525,23.83815828311835
2022-12-26 01:45:00,2022-12-27 01:45:00,short,2,16845.5,16556.1,17134.9,16859.8,timeout,-0.18488913953280858,-10.030592995564906
2022-12-28 14:30:00,2022-12-28 21:15:00,short,3,16716.5,16541.0,16892.0,16541.0,TP,0.9498609158615741,81.39051864067547
2022-12-29 09:15:00,2022-12-30 07:15:00,short,2,16580.1,16455.6,16704.6,16455.6,TP,0.6509001755116073,75.9919707899878
2022-12-30 21:00:00,2022-12-31 21:00:00,short,3,16601.0,16320.0,16882.0,16564.6,timeout,0.11926389976508316,6.659633299459739
2023-01-01 16:00:00,2023-01-02 16:00:00,short,2,16554.8,16320.0,16789.6,16728.6,timeout,-1.1498465701790375,-75.85896803410056
2023-01-02 23:45:00,2023-01-03 06:30:00,long,2,16666.0,16767.8,16564.2,16767.8,TP,0.5108244329773147,71.43944965268227
2023-01-05 07:15:00,2023-01-06 07:15:00,long,2,16788.2,16984.6,16591.800000000003,16793.4,timeout,-0.06902586340405328,-5.4424123479212705
2023-01-06 11:00:00,2023-01-06 20:00:00,long,3,16744.1,16984.6,16503.6,16984.6,TP,1.3363268255684093,87.04254177533093
2023-01-08 00:30:00,2023-01-08 23:00:00,long,2,16914.6,17030.0,16799.199999999997,17030.0,TP,0.5822508365554104,75.13249650595185
2023-01-11 14:00:00,2023-01-11 18:00:00,long,2,17372.9,17485.4,17260.4,17485.4,TP,0.5475602806670158,74.48521166548528
2023-01-12 13:30:00,2023-01-12 17:30:00,long,3,18149.9,18400.0,17899.800000000003,18400.0,TP,1.277969024622717,88.5745155644248
2023-01-16 08:00:00,2023-01-17 08:00:00,long,2,20799.3,21544.0,20054.6,21166.4,timeout,1.664963243955336,46.74137385829553
2023-01-18 15:45:00,2023-01-18 16:30:00,long,3,21035.5,21640.0,20431.0,20431.0,SL,-2.973713484347888,-103.78943696742236
2023-01-19 12:45:00,2023-01-20 12:45:00,long,2,20728.1,21672.0,19784.199999999997,21085.2,timeout,1.6227821170295504,35.83011070435917
2023-01-22 15:15:00,2023-01-23 15:15:00,long,3,22774.9,23390.0,22159.800000000003,22862.2,timeout,0.2833167214784665,10.430215981277827
2023-01-24 09:00:00,2023-01-25 01:15:00,long,2,22917.1,23390.0,22444.199999999997,22444.199999999997,SL,-2.163524616989067,-103.21414586460449
2023-01-25 10:15:00,2023-01-25 21:30:00,long,2,22582.1,23193.1,21971.1,23193.1,TP,2.605682819578339,94.89807311529921
2023-01-28 09:15:00,2023-01-29 09:15:00,long,2,22977.5,23837.4,22117.6,23252.8,timeout,1.0981286040691949,29.47438121059681
2023-01-30 08:30:00,2023-01-30 09:30:00,long,2,23571.6,23962.7,23180.499999999996,23180.499999999996,SL,-1.7592000543026447,-103.42572894921742
2023-01-30 11:30:00,2023-01-31 11:30:00,long,2,23177.0,23962.7,22391.3,22854.5,timeout,-1.491465677179963,-43.757427580359945
2023-02-01 16:45:00,2023-02-02 00:30:00,long,2,23000.8,23962.7,22038.899999999998,23962.7,TP,4.082028451184313,97.1919534339358
2023-02-02 14:45:00,2023-02-02 18:00:00,long,3,23611.8,23962.7,23260.899999999998,23962.7,TP,1.3861213461066142,89.94751394403917
2023-02-02 21:45:00,2023-02-03 21:45:00,long,3,23456.0,23962.7,22949.3,23377.6,timeout,-0.4342428376534851,-19.947390858217897
2023-02-04 06:00:00,2023-02-05 06:00:00,long,2,23291.7,24281.4,22302.0,23368.2,timeout,0.22844317932997593,5.4430392863275925
2023-02-06 16:00:00,2023-02-07 16:00:00,short,3,23081.7,22600.0,23563.4,22919.0,timeout,0.6048874216370576,28.67706980068636
2023-02-07 17:30:00,2023-02-08 01:00:00,short,2,22997.3,22600.0,23394.6,23394.6,SL,-1.8275941088736474,-103.96701923998931
2023-02-11 12:00:00,2023-02-12 12:00:00,short,2,21723.5,21405.0,22042.0,21874.8,timeout,-0.7964807696733918,-52.34456225961908
2023-02-12 14:30:00,2023-02-13 14:30:00,short,3,21936.7,21405.0,22468.4,21639.9,timeout,1.2529838125150967,50.84033415464478
2023-02-14 09:45:00,2023-02-14 15:00:00,short,3,21808.7,21338.0,22279.4,22279.4,SL,-2.2583129668435107,-102.91230676653967
2023-02-16 22:30:00,2023-02-16 23:15:00,long,2,24127.0,24420.0,23834.0,23834.0,SL,-1.3144070957848055,-101.88318369887428
2023-02-19 17:00:00,2023-02-20 17:00:00,long,2,24529.1,25290.0,23768.199999999997,24844.2,timeout,1.1845966627393674,37.314947330605555
2023-02-21 08:45:00,2023-02-21 21:15:00,long,2,24684.3,25200.0,24168.6,24168.6,SL,-2.189182192729795,-101.2375013351916
2023-02-22 01:45:00,2023-02-23 01:45:00,long,2,24173.1,25347.6,22998.6,24180.9,timeout,-0.06773272770144123,-1.3690104631361306
2023-02-25 22:45:00,2023-02-26 18:30:00,short,2,23109.9,22800.0,23419.800000000003,23419.800000000003,SL,-1.440983734243772,-100.2114362172083
2023-02-28 14:45:00,2023-03-01 14:45:00,short,2,23410.9,22700.0,24121.800000000003,23671.9,timeout,-1.214865297788637,-38.42543058693595
2023-03-04 12:45:00,2023-03-05 12:45:00,short,2,22375.9,21883.2,22868.600000000002,22410.1,timeout,-0.25284301413573124,-10.854938348221326
2023-03-05 21:15:00,2023-03-06 21:15:00,short,3,22450.1,21883.2,23016.999999999996,22371.9,timeout,0.24832806980813935,9.338143857250275
2023-03-08 15:00:00,2023-03-08 22:45:00,short,2,22136.9,21883.2,22390.600000000002,21883.2,TP,1.0460502599731702,82.95020232264271
2023-03-10 16:30:00,2023-03-10 16:45:00,short,2,20083.5,20003.5,20163.5,20003.5,TP,0.29833694326188165,59.65063379691079
2023-03-11 01:30:00,2023-03-12 01:30:00,short,3,20589.8,19521.6,21658.0,20370.9,timeout,0.9631477721978736,18.256786531073566
2023-03-12 09:30:00,2023-03-12 18:30:00,short,2,20390.0,19521.6,21258.4,21258.4,SL,-4.358950465914671,-100.41847583076343
2023-03-12 20:30:00,2023-03-13 14:00:00,short,2,21201.1,19521.6,22880.6,22880.6,SL,-8.02175877666725,-99.4142910724558
2023-03-15 09:45:00,2023-03-16 09:45:00,long,2,24528.4,26489.9,22566.9,24655.4,timeout,0.417767159700592,5.078109685828088
2023-03-18 15:30:00,2023-03-19 15:30:00,long,2,27123.0,27763.4,26482.6,27464.7,timeout,1.1598163919920388,46.405426499730076
2023-03-22 18:30:00,2023-03-22 18:45:00,long,2,28197.6,28483.2,27911.999999999996,27911.999999999996,SL,-1.1128521576304444,-98.93498352358682
2023-03-24 08:30:00,2023-03-24 21:15:00,long,2,28052.0,28881.0,27223.0,27223.0,SL,-3.0552260088407244,-97.94563368835098
2023-03-25 19:00:00,2023-03-26 19:00:00,long,3,27291.1,28881.0,25701.199999999997,27801.4,timeout,1.7698403508836322,28.961034141071796
2023-03-27 12:45:00,2023-03-27 14:45:00,long,2,27738.0,28334.0,27142.0,27142.0,SL,-2.2486769053284306,-97.2557876928782
2023-03-30 15:45:00,2023-03-30 18:00:00,long,2,28282.8,28881.0,27684.6,27684.6,SL,-2.2150664007806893,-96.28322981594941
2023-03-31 07:15:00,2023-04-01 07:15:00,long,3,27796.8,29184.8,26408.8,28391.6,timeout,2.0398146549243052,38.174242531031894
2023-04-01 15:00:00,2023-04-02 15:00:00,long,2,28314.0,29184.8,27443.2,28095.9,timeout,-0.870290315744856,-26.22842833271307
2023-04-05 12:30:00,2023-04-05 14:00:00,long,2,28465.4,28800.0,28130.800000000003,28130.800000000003,SL,-1.2754621400015407,-95.43985565977307
2023-04-07 22:45:00,2023-04-08 22:45:00,short,2,27943.7,27684.2,28203.2,27923.3,timeout,-0.02699606709204059,-2.4796853879527934
2023-04-10 13:45:00,2023-04-10 15:30:00,long,3,28207.7,28539.1,27876.300000000003,28539.1,TP,1.07485651081087,79.64163403759858
2023-04-11 20:15:00,2023-04-12 20:15:00,long,2,30068.7,30564.0,29573.4,29872.0,timeout,-0.7541686205256654,-41.1165024182834
2023-04-14 14:30:00,2023-04-14 14:45:00,long,2,30588.9,30648.9,30528.9,30528.9,SL,-0.29614958367250865,-94.84591156548898
2023-04-15 13:30:00,2023-04-16 13:30:00,long,3,30344.9,31059.0,29630.800000000003,30228.0,timeout,-0.48523771704636187,-18.57212131647451
2023-04-16 13:45:00,2023-04-17 11:30:00,long,3,30241.0,31059.0,29423.0,29423.0,SL,-2.804937006051387,-93.71173123666934
2023-04-19 06:45:00,2023-04-19 08:00:00,long,2,29989.8,30560.0,29419.6,29419.6,SL,-2.001313113125132,-92.77461392430263
2023-04-22 15:00:00,2023-04-22 17:30:00,short,3,27424.0,27100.0,27748.0,27748.0,SL,-1.2814469078179698,-91.8468677850596
2023-04-24 00:45:00,2023-04-24 16:45:00,short,3,27793.7,27100.0,28487.4,27100.0,TP,2.3958893562210166,83.92283094697133
2023-04-25 17:30:00,2023-04-25 21:00:00,short,3,27545.9,26919.3,28172.500000000004,28172.500000000004,SL,-2.3747486921828735,-91.76762741667872
2023-04-28 08:30:00,2023-04-29 08:30:00,long,2,29199.9,30048.2,28351.600000000002,29306.7,timeout,0.2657546772420428,8.034149398369138
2023-04-29 15:45:00,2023-04-30 15:45:00,long,2,29258.1,30048.2,28467.999999999996,29644.2,timeout,1.2196345627364806,39.60141285228427
2023-05-02 12:30:00,2023-05-02 15:30:00,short,3,28197.3,27650.0,28744.6,28744.6,SL,-2.0409659790121726,-91.32630676501846
2023-05-04 13:15:00,2023-05-05 02:00:00,long,2,28869.9,29380.0,28359.800000000003,29380.0,TP,1.6668921610396934,80.7271019398094
2023-05-05 12:30:00,2023-05-05 16:00:00,long,3,28954.9,29551.0,28358.800000000003,29551.0,TP,1.958718904226913,82.76897679239362
2023-05-06 08:00:00,2023-05-06 14:00:00,long,2,29245.0,29840.0,28650.0,28650.0,SL,-2.134535818088562,-92.04800448469028
2023-05-09 11:45:00,2023-05-10 11:45:00,short,2,27663.9,27250.0,28077.800000000003,27660.7,timeout,-0.08843257819757616,-5.048724873441445
2023-05-11 12:30:00,2023-05-12 02:45:00,short,2,27343.7,26666.6,28020.800000000003,26666.6,TP,2.3762559565823285,84.00654119024327
2023-05-12 21:00:00,2023-05-13 21:00:00,short,3,26664.5,25751.0,27578.0,26879.4,timeout,-0.905940482664222,-23.617046731444642
2023-05-14 13:45:00,2023-05-15 13:45:00,short,2,26898.0,25751.0,28045.0,27361.6,timeout,-1.823548219198448,-38.30768418610046
2023-05-17 01:30:00,2023-05-17 14:30:00,short,3,27171.8,26557.0,27786.6,26557.0,TP,2.1626399428819556,83.56939412319558
2023-05-17 17:45:00,2023-05-18 17:45:00,short,2,27077.0,26527.5,27626.5,26527.5,TP,1.9293976437566938,83.48006457425788
2023-05-19 12:00:00,2023-05-20 12:00:00,short,3,26934.5,26335.3,27533.7,26902.6,timeout,0.01843546381036015,0.7372766415734945
2023-05-20 15:00:00,2023-05-21 15:00:00,short,2,26891.8,26335.3,27448.3,26923.3,timeout,-0.2171360786559472,-9.30595836566833
2023-05-22 13:30:00,2023-05-23 05:15:00,short,2,27004.4,26500.0,27508.800000000003,27508.800000000003,SL,-1.9678437587948683,-92.88266306356955
2023-05-23 19:00:00,2023-05-24 03:30:00,long,2,27168.0,27527.5,26808.5,26808.5,SL,-1.4232479387514725,-91.95383643293384
2023-05-25 12:00:00,2023-05-26 12:00:00,short,2,26378.3,25850.0,26906.6,26473.4,timeout,-0.46052361221156096,-19.937127107852554
2023-05-26 13:30:00,2023-05-27 13:30:00,short,3,26536.8,25850.0,27223.6,26715.7,timeout,-0.7741581501914379,-26.159924301561524
2023-05-29 14:45:00,2023-05-30 14:45:00,long,2,27782.0,28297.0,27267.0,27609.5,timeout,-0.7209056223454035,-33.42079728007274
2023-05-30 16:15:00,2023-05-31 14:15:00,long,2,27673.4,28442.0,26904.800000000003,26904.800000000003,SL,-2.8773963445041035,-90.23911958170964
2023-06-01 16:45:00,2023-06-02 00:30:00,short,3,27080.9,26600.0,27561.800000000003,26600.0,TP,1.6757903171608086,79.81149226876487
2023-06-02 04:30:00,2023-06-03 04:30:00,short,2,27079.2,26477.6,27680.800000000003,27141.6,timeout,-0.3304351679517778,-12.82879037731308
2023-06-04 23:30:00,2023-06-05 01:00:00,long,2,27149.9,27340.2,26959.600000000002,26959.600000000002,SL,-0.8009233919830248,-90.00655540480707
2023-06-06 14:00:00,2023-06-06 17:00:00,short,3,25899.9,25360.1,26439.700000000004,26439.700000000004,SL,-2.1841779311889344,-89.106489850759
2023-06-08 12:30:00,2023-06-09 12:30:00,short,3,26477.6,25321.6,27633.6,26634.1,timeout,-0.6910656554974771,-13.650530666071878
2023-06-09 13:15:00,2023-06-10 13:15:00,short,2,26673.4,25321.6,28025.200000000004,25647.3,timeout,3.746903656826659,63.859349910608294
2023-06-10 17:15:00,2023-06-10 18:15:00,short,2,25809.8,25445.0,26174.6,25445.0,TP,1.3134166091949542,76.99337682880301
2023-06-11 16:15:00,2023-06-12 16:15:00,short,3,25823.2,25300.0,26346.4,25880.1,timeout,-0.3203444964218138,-13.483379151321877
2023-06-13 00:15:00,2023-06-14 00:15:00,short,2,25962.3,25300.0,26624.6,25933.2,timeout,0.01208560104458598,0.4073471613818043
2023-06-14 12:45:00,2023-06-14 20:00:00,short,2,26006.8,25600.0,26413.6,25600.0,TP,1.464206284510202,78.61803148466724
2023-06-15 17:45:00,2023-06-15 19:00:00,short,2,25135.0,24796.8,25473.2,25473.2,SL,-1.445534115774819,-90.14286690793209
2023-06-15 20:45:00,2023-06-16 17:45:00,short,2,25556.7,24796.8,26316.600000000002,26316.600000000002,SL,-3.0733885830330268,-89.24143823885277
2023-06-18 00:45:00,2023-06-19 00:45:00,long,2,26444.5,26900.0,25989.0,26356.1,timeout,-0.43428501200628283,-21.05304546536756
2023-06-19 09:15:00,2023-06-19 18:00:00,long,2,26393.1,26900.0,25886.199999999997,26900.0,TP,1.8205777267543466,79.41440501513046
2023-06-22 11:00:00,2023-06-23 11:00:00,long,2,29962.2,30822.0,29102.4,30096.0,timeout,0.3465626689628908,10.37869379167745
2023-06-24 15:15:00,2023-06-25 15:15:00,long,2,30556.9,31500.0,29613.800000000003,30566.5,timeout,-0.06858320052100002,-1.9164116664672948
2023-06-25 18:00:00,2023-06-26 18:00:00,long,2,30386.4,31500.0,29272.800000000003,30093.2,timeout,-1.0649053523944945,-25.179298276336525
2023-06-28 02:45:00,2023-06-29 02:45:00,long,2,30404.2,31053.2,29755.2,30109.0,timeout,-1.0709184915241996,-42.5408158570898
2023-06-29 20:15:00,2023-06-30 04:30:00,long,2,30343.1,30998.5,29687.699999999997,30998.5,TP,2.0599638797617956,80.52222983620167
2023-06-30 13:30:00,2023-07-01 13:30:00,long,3,30295.5,31300.0,29291.0,30575.1,timeout,0.8229093429717237,21.477016293872143
2023-07-02 02:15:00,2023-07-03 02:15:00,long,3,30557.0,31300.0,29814.0,30749.5,timeout,0.5299702195896194,18.70739303652404
2023-07-04 16:45:00,2023-07-05 10:30:00,long,3,30946.8,31395.2,30498.399999999998,30498.399999999998,SL,-1.5489381777760591,-89.54712552354572
2023-07-07 12:30:00,2023-07-08 12:30:00,short,3,30147.2,29680.0,30614.4,30176.2,timeout,-0.1961946714786116,-10.542930824459438
2023-07-08 16:30:00,2023-07-09 16:30:00,short,3,30269.9,29680.0,30859.800000000003,30289.3,timeout,-0.16409006967316647,-7.091737504744686
2023-07-10 12:00:00,2023-07-10 19:00:00,short,2,30239.9,29904.4,30575.4,30575.4,SL,-1.209461340811312,-88.4753075850182
2023-07-11 13:30:00,2023-07-12 13:30:00,long,2,30366.0,31040.0,29692.0,30572.0,timeout,0.5783903049463216,21.840746785993666
2023-07-12 15:45:00,2023-07-13 15:45:00,long,2,30510.2,31040.0,29980.4,31040.0,TP,1.6364684597282197,78.24615554690578
2023-07-16 14:15:00,2023-07-17 14:15:00,short,2,30389.6,29876.6,30902.6,30244.2,timeout,0.3784531550267125,18.75069941905716
2023-07-19 00:30:00,2023-07-20 00:30:00,short,2,29984.2,29400.0,30568.4,29955.6,timeout,-0.004616431320488185,-0.20008296474387838
2023-07-20 05:30:00,2023-07-21 05:30:00,short,3,30133.2,29400.0,30866.4,29805.6,timeout,0.9871729520927155,34.59588707893705
2023-07-21 17:45:00,2023-07-22 17:45:00,short,2,29912.2,29400.0,30424.4,29824.0,timeout,0.19486296561269556,9.582475923367875
2023-07-23 16:00:00,2023-07-24 09:45:00,short,2,29926.0,29468.8,30383.2,29468.8,TP,1.4277684956225378,78.25662460658558
2023-07-25 09:30:00,2023-07-26 09:30:00,short,3,29197.7,28830.0,29565.4,29160.6,timeout,0.027064803049562734,1.791940622409584
2023-07-26 13:00:00,2023-07-27 13:00:00,short,2,29255.7,28830.0,29681.4,29445.3,timeout,-0.7480788359191493,-43.30358935181041
2023-07-28 12:45:00,2023-07-28 15:00:00,short,2,29295.0,29058.0,29532.0,29532.0,SL,-0.9090117767537123,-89.58616308583504
2023-08-01 16:00:00,2023-08-01 18:45:00,short,2,29001.7,28830.0,29173.4,29173.4,SL,-0.6920342600606196,-88.69030145497669
2023-08-03 14:30:00,2023-08-04 14:30:00,short,3,29287.9,28550.0,30025.800000000003,29231.3,timeout,0.0932538693453685,3.1258251056162005
2023-08-04 14:45:00,2023-08-05 14:45:00,short,2,29240.4,28550.0,29930.800000000003,29058.9,timeout,0.5207165428653506,18.583822828710716
2023-08-06 07:45:00,2023-08-07 07:45:00,short,2,29081.4,28780.0,29382.800000000003,29084.7,timeout,-0.11134745920072374,-8.624469801310967
2023-08-10 14:30:00,2023-08-11 14:30:00,long,3,29413.8,30250.0,28577.6,29513.5,timeout,0.23895654420714335,7.140094460065818
2023-08-11 15:15:00,2023-08-12 15:15:00,long,2,29386.6,30250.0,28523.199999999997,29439.4,timeout,0.07967372884240746,2.3079552415086124
2023-08-13 03:00:00,2023-08-14 03:00:00,long,2,29391.7,29764.9,29018.5,29358.6,timeout,-0.21261682719952296,-13.664129269079615
2023-08-15 14:00:00,2023-08-15 19:00:00,long,2,29402.8,29686.7,29118.899999999998,29118.899999999998,SL,-1.0655543009509347,-87.89208942608204
2023-08-19 15:00:00,2023-08-20 15:00:00,short,2,26053.6,24581.0,27526.199999999997,26056.0,timeout,-0.1092117787944908,-1.6520414671790444
2023-08-20 20:30:00,2023-08-21 20:30:00,short,3,26250.0,24581.0,27919.0,26075.9,timeout,0.5632380952380897,7.58734960868333
2023-08-21 21:30:00,2023-08-22 21:15:00,short,3,26189.1,25600.0,26778.199999999997,25600.0,TP,2.1494091053148012,79.66023046170696
2023-08-23 15:15:00,2023-08-24 15:15:00,short,2,26097.3,25280.0,26914.6,26057.4,timeout,0.05288937936107497,1.4380306371632485
2023-08-25 13:30:00,2023-08-26 13:30:00,short,2,26140.2,25280.0,27000.4,26030.7,timeout,0.3188950352330892,8.265394411119502
2023-08-27 14:00:00,2023-08-28 14:00:00,short,3,26120.1,25754.4,26485.799999999996,26100.7,timeout,-0.025727696295198645,-1.5087061115732245
2023-08-29 14:00:00,2023-08-29 14:15:00,short,3,26179.8,25850.4,26509.199999999997,26509.199999999997,SL,-1.3582219879448958,-87.95107110722041
2023-08-30 13:30:00,2023-08-31 13:30:00,long,3,27284.9,28168.0,26401.800000000003,27154.6,timeout,-0.5775535186128697,-15.071826364729084
2023-08-31 13:45:00,2023-08-31 19:00:00,long,3,27138.1,28168.0,26108.199999999997,26108.199999999997,SL,-3.8950335506170353,-86.92084213250092
2023-09-01 12:15:00,2023-09-01 15:00:00,short,2,26057.1,25617.8,26496.399999999998,25617.8,TP,1.5859128606022899,76.4149223564959
2023-09-02 10:45:00,2023-09-03 10:45:00,short,2,25820.0,25312.0,26328.0,25919.4,timeout,-0.4849728892331583,-20.364677867236864
2023-09-03 18:15:00,2023-09-04 18:15:00,short,3,25910.4,25312.0,26508.800000000003,25887.5,timeout,-0.01161850067925832,-0.41764028708171813
2023-09-05 15:15:00,2023-09-05 16:45:00,short,3,25681.5,25531.2,25831.8,25831.8,SL,-0.685246188890833,-86.6079597531977
2023-09-06 17:45:00,2023-09-07 17:45:00,short,3,25845.6,25530.0,26161.199999999997,25918.9,timeout,-0.3836072677747969,-24.8968800686313
2023-09-09 15:00:00,2023-09-10 15:00:00,short,3,25865.4,25326.0,26404.800000000003,25747.0,timeout,0.35775437456989434,13.99528850530845
2023-09-10 20:15:00,2023-09-11 14:00:00,short,2,25833.6,25508.7,26158.499999999996,25508.7,TP,1.1576644370122549,73.01813236586182
2023-09-12 03:00:00,2023-09-12 03:15:00,short,3,25380.6,24888.0,25873.199999999997,25873.199999999997,SL,-2.040852462116729,-86.36304556369112
2023-09-12 23:00:00,2023-09-13 23:00:00,long,2,25843.4,26580.0,25106.800000000003,26232.9,timeout,1.4071546313565553,40.77997999613308
2023-09-15 11:45:00,2023-09-15 23:00:00,long,3,26415.3,26880.0,25950.6,26880.0,TP,1.6592077318826615,76.66594364662458
2023-09-17 00:15:00,2023-09-18 00:15:00,long,2,26489.3,26890.0,26088.6,26472.0,timeout,-0.16530938907407625,-8.884558404980528
2023-09-18 00:30:00,2023-09-18 09:45:00,long,3,26483.8,26890.0,26077.6,26890.0,TP,1.4337678127761149,75.98559987178155
2023-09-20 06:00:00,2023-09-21 06:00:00,long,2,27035.4,27480.0,26590.800000000003,27023.6,timeout,-0.14364647832102692,-7.192152110668009
2023-09-21 09:30:00,2023-09-22 09:30:00,long,3,26789.9,27480.0,26099.800000000003,26639.6,timeout,-0.6610323293480114,-21.558624737953508
2023-09-23 16:45:00,2023-09-24 16:45:00,short,3,26592.2,26360.1,26824.300000000003,26562.5,timeout,0.011686885628119245,1.0458642209221816
2023-09-25 15:15:00,2023-09-26 15:15:00,short,2,26243.2,25965.0,26521.4,26108.1,timeout,0.4148000243872781,31.132000878721133
2023-09-27 09:30:00,2023-09-27 11:30:00,short,2,26299.7,25965.0,26634.4,26634.4,SL,-1.3726380909287967,-87.37915564166
2023-09-29 14:00:00,2023-09-30 14:00:00,long,3,26785.0,27308.7,26261.3,26985.5,timeout,0.6485532947545267,27.298253943464463
2023-10-02 21:45:00,2023-10-03 21:45:00,long,2,27456.7,28365.2,26548.2,27388.0,timeout,-0.3502121522251426,-8.915283626780218
2023-10-04 00:30:00,2023-10-05 00:30:00,long,3,27254.6,28613.0,25896.199999999997,27776.1,timeout,1.813438465433358,30.920934596276947
2023-10-05 15:30:00,2023-10-06 15:30:00,long,2,27568.9,28613.0,26524.800000000003,27942.6,timeout,1.255512914914984,28.099026644464317
2023-10-07 18:45:00,2023-10-08 18:45:00,long,2,27878.2,28450.0,27306.4,27859.2,timeout,-0.16815361106527682,-6.8228274093042165
2023-10-09 08:30:00,2023-10-10 08:30:00,long,3,27775.7,28450.0,27101.4,27664.8,timeout,-0.4992698653859361,-17.226161469146795
2023-10-13 07:15:00,2023-10-14 07:15:00,short,2,26872.9,26525.0,27220.800000000003,26855.8,timeout,-0.0363671207796621,-2.269701198065697
2023-10-14 16:00:00,2023-10-15 16:00:00,short,2,26918.0,26525.0,27311.0,26893.9,timeout,-0.010468831265329727,-0.5839513188700522
2023-10-15 17:00:00,2023-10-15 20:30:00,short,2,26917.4,26534.8,27300.000000000004,27300.000000000004,SL,-1.5213854235550317,-87.01036698686381
2023-10-18 09:45:00,2023-10-19 09:45:00,long,2,28246.2,30720.0,25772.4,28384.6,timeout,0.3899774128909298,3.792366958438832
2023-10-22 07:30:00,2023-10-23 01:15:00,long,3,29739.1,30374.6,29103.6,30374.6,TP,2.036917391582126,78.47310254216674
2023-10-24 15:30:00,2023-10-25 15:30:00,long,2,33506.3,35981.9,31030.700000000004,34831.0,timeout,3.853584848222564,44.75138094815364
2023-10-26 10:00:00,2023-10-27 10:00:00,long,2,34426.0,35981.9,32870.1,34127.9,timeout,-0.9659152965781636,-18.276907534599964
2023-10-27 14:30:00,2023-10-28 14:30:00,long,2,33942.1,35154.3,32729.899999999994,34102.2,timeout,0.3716856057816062,8.830821744936376
2023-10-29 01:15:00,2023-10-30 01:15:00,long,3,33998.0,35154.3,32841.7,34513.2,timeout,1.4153832578386878,35.2992442729629
2023-10-30 02:00:00,2023-10-30 12:15:00,long,2,34327.0,34773.8,33880.2,34773.8,TP,1.2015993241471814,75.15911670534663
2023-10-31 07:30:00,2023-11-01 07:30:00,long,2,34183.2,34888.2,33478.2,34498.0,timeout,0.8209202181188507,33.567176687192685
2023-11-01 14:45:00,2023-11-01 20:30:00,long,3,34184.6,34888.2,33481.0,34888.2,TP,1.9582367498815214,80.53134310209651
2023-11-02 13:30:00,2023-11-03 13:30:00,long,3,34911.5,35981.9,33841.1,34408.5,timeout,-1.5407859874253471,-43.586068000440775
2023-11-05 13:45:00,2023-11-06 13:45:00,long,3,34838.5,35613.0,34064.0,35041.8,timeout,0.48354980840163303,18.55125585676718
2023-11-07 09:30:00,2023-11-07 18:15:00,long,2,34830.0,35455.2,34204.8,35455.2,TP,1.695004306632205,79.88522978396037
2023-11-08 15:15:00,2023-11-08 21:00:00,long,3,35193.5,35921.7,34465.3,35921.7,TP,1.9691320840496032,81.80164773608557
2023-11-09 16:30:00,2023-11-10 16:30:00,long,3,36293.1,38499.9,34086.299999999996,37388.0,timeout,2.9168268899598035,42.9126513605473
2023-11-11 21:45:00,2023-11-12 21:45:00,long,2,37004.0,38499.9,35508.1,37193.4,timeout,0.4118365582099272,9.082414724405297
2023-11-12 23:15:00,2023-11-13 23:15:00,long,3,37047.5,38499.9,35595.1,36592.9,timeout,-1.3270733517781186,-30.18581455898427
2023-11-14 00:15:00,2023-11-14 18:45:00,long,2,36378.0,37570.0,35186.0,35186.0,SL,-3.376705701248007,-91.1461529402855
2023-11-16 15:30:00,2023-11-17 15:30:00,long,2,36583.1,38000.0,35166.2,35990.1,timeout,-1.7209670585598271,-39.08558465248534
2023-11-17 17:00:00,2023-11-18 17:00:00,short,3,36379.5,34446.3,38312.7,36656.2,timeout,-0.8605931912203222,-14.281354531041341
2023-11-20 14:00:00,2023-11-20 16:00:00,long,3,36890.0,37528.2,36251.8,37528.2,TP,1.6300081322851643,79.89767519926728
2023-11-20 17:15:00,2023-11-20 17:45:00,long,3,37043.9,37528.2,36559.600000000006,37528.2,TP,1.2073677447568847,77.63911019260053
2023-11-22 18:00:00,2023-11-22 21:15:00,short,2,36705.2,35610.7,37799.7,37799.7,SL,-3.0818663295663833,-91.27638987296605
2023-11-23 11:15:00,2023-11-24 10:30:00,long,2,37274.5,37880.0,36669.0,37880.0,TP,1.5244349354116085,79.88325073727016
2023-11-25 11:15:00,2023-11-26 11:15:00,long,2,37639.8,38425.0,36854.600000000006,37682.4,timeout,0.013178072147031965,0.5495407812800811
2023-11-26 12:00:00,2023-11-27 11:30:00,long,3,37628.0,38425.0,36831.0,36831.0,SL,-2.218103539917083,-91.16795388942188
2023-11-30 08:30:00,2023-12-01 08:30:00,long,2,37660.1,38500.0,36820.2,38283.1,timeout,1.5542707002902274,60.20168715819045
2023-12-07 08:15:00,2023-12-07 09:15:00,long,2,43674.4,44528.1,42820.700000000004,42820.700000000004,SL,-2.0546919934790107,-90.85829122210957
2023-12-08 07:15:00,2023-12-08 21:15:00,long,2,43163.7,44528.1,41799.299999999996,44528.1,TP,3.0609894425176747,84.43299567432457
2023-12-09 23:30:00,2023-12-10 23:30:00,long,3,43703.5,44779.3,42627.7,43746.8,timeout,-0.0009232670152209627,-0.03272468057520311
2023-12-11 00:45:00,2023-12-11 02:00:00,long,2,43642.3,44779.3,42505.3,42505.3,SL,-2.705270574648907,-90.79371101982595
2023-12-14 13:15:00,2023-12-14 13:30:00,long,3,42439.5,43517.6,41361.4,41361.4,SL,-2.6403221055855948,-89.8857739096277
2023-12-14 15:15:00,2023-12-15 15:15:00,long,2,42332.3,43517.6,41147.00000000001,42037.9,timeout,-0.7954500464184593,-24.408586310420862
2023-12-19 14:00:00,2023-12-20 13:45:00,long,2,42649.2,43550.0,41748.399999999994,43550.0,TP,2.012114646933595,80.71948211157837
2023-12-22 09:15:00,2023-12-23 09:15:00,long,2,43628.7,44484.0,42773.399999999994,43661.8,timeout,-0.024132509105231598,-1.0488544303573424
2023-12-24 00:15:00,2023-12-24 22:00:00,long,2,43734.1,44484.0,42984.2,42984.2,SL,-1.8146803066714567,-89.53953658423943
2023-12-31 07:30:00,2024-01-01 07:30:00,short,3,42531.4,41283.2,43779.600000000006,42475.4,timeout,0.03166742688931001,0.9249891033983509
2024-01-04 12:15:00,2024-01-05 12:15:00,short,2,43184.8,40333.0,46036.600000000006,43919.0,timeout,-1.800135232767078,-23.8059276570041
2024-01-05 14:30:00,2024-01-06 14:30:00,long,3,43614.9,45950.0,41279.8,43851.1,timeout,0.4415580455303052,7.1582666432889726
2024-01-07 17:00:00,2024-01-08 02:45:00,long,2,44019.4,44840.8,43198.0,43198.0,SL,-1.9659954474618042,-88.48691449929387
2024-01-09 12:45:00,2024-01-09 21:00:00,long,3,46175.5,47312.0,45039.0,47312.0,TP,2.361261924613702,80.76150753093769
2024-01-09 21:15:00,2024-01-10 12:45:00,long,3,45899.5,47312.0,44487.0,44487.0,SL,-3.177375570539984,-88.4096604296103
2024-01-12 08:30:00,2024-01-12 22:00:00,long,2,45701.9,49027.5,42376.3,42376.3,SL,-7.376721536741357,-87.52556382531421
2024-01-15 13:45:00,2024-01-16 13:45:00,short,2,42856.8,41370.0,44343.600000000006,42805.7,timeout,0.019234287207644564,0.46695168514145413
2024-01-16 15:30:00,2024-01-17 15:30:00,short,2,43123.6,41713.5,44533.7,42592.6,timeout,1.131344321902624,29.091819431135804
2024-01-19 18:45:00,2024-01-20 18:45:00,short,2,41810.6,40673.6,42947.6,41607.9,timeout,0.38480528861101515,11.866768947893274
2024-01-20 20:15:00,2024-01-21 20:15:00,short,3,41719.2,40300.0,43138.399999999994,41728.3,timeout,-0.121812498801525,-3.0286079270343627
2024-01-24 10:30:00,2024-01-25 10:30:00,short,2,40275.8,38545.0,42006.600000000006,40068.2,timeout,0.4154459998311786,8.222652501195563
2024-01-25 11:00:00,2024-01-26 11:00:00,short,2,40204.9,38545.0,41864.8,40795.1,timeout,-1.5679802710614803,-32.30310730446857
2024-01-27 08:45:00,2024-01-28 04:00:00,long,2,41455.4,42239.3,40671.5,42239.3,TP,1.7909478620396893,78.07466373236882
2024-01-28 18:15:00,2024-01-29 16:15:00,long,2,41966.5,42836.0,41097.0,42836.0,TP,1.9718906747048242,79.50988923177385
2024-01-31 00:15:00,2024-02-01 00:15:00,long,2,43019.3,43888.0,42150.600000000006,42472.3,timeout,-1.3715223167276085,-57.18821948484724
2024-02-03 15:00:00,2024-02-04 15:00:00,long,2,42949.4,43748.6,42150.200000000004,42905.9,timeout,-0.20128197367134348,-9.012695003116612
2024-02-04 19:00:00,2024-02-05 13:30:00,long,3,42637.5,43480.0,41795.0,43480.0,TP,1.8759601289944299,79.25750261523685
2024-02-07 03:30:00,2024-02-07 17:30:00,long,2,42848.2,43580.0,42116.399999999994,43580.0,TP,1.6078897129867833,78.70947694373854
2024-02-12 06:45:00,2024-02-12 14:45:00,long,2,48147.2,48600.0,47694.399999999994,48600.0,TP,0.8404492888475403,72.12382085945711
2024-02-13 13:30:00,2024-02-13 14:15:00,long,3,49565.7,50413.2,48718.2,48718.2,SL,-1.8098517724958998,-90.0082173493458
2024-02-15 21:30:00,2024-02-16 01:15:00,long,2,51499.0,52100.0,50898.0,52100.0,TP,1.0670129517078002,75.04227498780234
2024-02-17 08:45:00,2024-02-17 14:45:00,long,2,51764.2,52859.0,50669.399999999994,50669.399999999994,SL,-2.2149752145305115,-89.85855792573035
2024-02-19 16:45:00,2024-02-20 13:30:00,long,3,51809.1,52623.0,50995.2,52623.0,TP,1.4709595418565493,78.31220139594092
2024-02-20 17:00:00,2024-02-21 17:00:00,long,2,51281.3,52859.0,49703.600000000006,51336.1,timeout,0.006861565521926378,0.19385061456854183
2024-02-22 13:15:00,2024-02-23 13:15:00,long,2,51294.8,53090.9,49498.700000000004,51034.2,timeout,-0.6080437003361078,-15.151611922321832
2024-02-25 15:45:00,2024-02-26 09:45:00,long,2,51547.8,52130.8,50964.8,50964.8,SL,-1.2309891013777503,-89.59351674735491
2024-02-29 16:30:00,2024-03-01 16:30:00,long,2,61930.6,64300.0,59561.2,61479.0,timeout,-0.8292033340545685,-18.734154165322177
2024-03-02 14:00:00,2024-03-03 14:00:00,long,3,61794.6,64300.0,59289.2,62360.0,timeout,0.814966679936437,17.36301363307168
2024-03-05 05:00:00,2024-03-05 14:45:00,long,3,66649.4,68600.0,64698.79999999999,68600.0,TP,2.8266580044231544,82.82368577017911
2024-03-05 16:00:00,2024-03-05 19:30:00,long,3,65480.2,68600.0,62360.399999999994,62360.399999999994,SL,-4.864493694277053,-89.51210703226067
2024-03-08 16:00:00,2024-03-08 20:00:00,long,2,66481.2,69350.0,63612.399999999994,69350.0,TP,4.2152049000318925,84.60281275963446
2024-03-10 14:30:00,2024-03-11 00:45:00,long,2,68944.9,70330.8,67558.99999999999,67558.99999999999,SL,-2.110155936117115,-89.46301408953441
2024-03-11 01:30:00,2024-03-11 07:00:00,long,2,67881.0,70330.8,65431.2,70330.8,TP,3.508962743624877,83.79247272651237
2024-03-12 03:15:00,2024-03-12 14:00:00,long,2,71737.2,72890.0,70584.4,72890.0,TP,1.5069765756120994,78.93090907719038
2024-03-12 15:00:00,2024-03-12 16:15:00,long,3,72023.2,72890.0,71156.4,71156.4,SL,-1.3035010940919078,-90.1956177666761
2024-03-14 12:15:00,2024-03-14 13:30:00,long,2,72820.1,73755.0,71885.20000000001,71885.20000000001,SL,-1.3838488274528518,-89.29366158900933
2024-03-14 14:30:00,2024-03-14 16:30:00,long,2,71869.5,73755.0,69984.0,69984.0,SL,-2.7235051029991864,-88.40072497311925
2024-03-23 14:30:00,2024-03-24 14:30:00,short,2,65117.5,60800.0,69435.0,65676.9,timeout,-0.9590624640073625,-12.471022570602045
2024-03-26 14:30:00,2024-03-27 13:15:00,long,3,70035.4,71649.0,68421.79999999999,71649.0,TP,2.2039777027046408,80.12139035349139
2024-03-27 14:00:00,2024-03-28 14:00:00,long,3,69295.5,71649.0,66942.0,70841.6,timeout,2.1311694121551987,53.75779599838864
2024-03-29 04:15:00,2024-03-29 15:30:00,long,2,70559.1,71888.0,69230.20000000001,69230.20000000001,SL,-1.9833857007813225,-88.73079936120085
2024-03-29 16:45:00,2024-03-30 16:45:00,long,2,69239.2,71888.0,66590.4,70240.1,timeout,1.3455684063363078,30.110065168420526
2024-03-30 19:00:00,2024-03-31 19:00:00,long,3,69820.0,71888.0,67752.0,71000.0,timeout,1.5900601546834716,45.77390199734147
2024-04-03 14:00:00,2024-04-04 14:00:00,short,2,66666.0,64500.0,68832.0,67574.6,timeout,-1.4629136291363,-38.70298601910104
2024-04-07 19:45:00,2024-04-08 07:00:00,long,2,69089.9,69921.3,68258.49999999999,69921.3,TP,1.10335968064798,74.67869996469253
2024-04-09 01:00:00,2024-04-09 14:30:00,long,2,71122.6,72890.4,69354.80000000002,69354.80000000002,SL,-2.5855671755531833,-88.96208817870236
2024-04-11 11:30:00,2024-04-12 11:30:00,long,2,70381.0,72890.4,67871.6,70977.4,timeout,0.7473877893181314,17.95803255200953
2024-04-12 13:00:00,2024-04-12 14:45:00,long,2,70340.0,71412.2,69267.8,69267.8,SL,-1.6243104918964986,-88.25204762243543
2024-04-14 22:00:00,2024-04-15 22:00:00,short,3,64909.0,59652.5,70165.5,62961.4,timeout,2.900508404073393,30.910952800738883
2024-04-16 21:45:00,2024-04-17 16:00:00,short,2,63977.3,59652.5,68302.1,59652.5,TP,6.659897651198164,85.12237006114721
2024-04-18 15:00:00,2024-04-19 02:30:00,short,2,63846.4,59625.0,68067.8,59625.0,TP,6.511805834001606,85.89182636239343
2024-04-19 06:45:00,2024-04-20 06:45:00,short,2,64596.0,59625.0,69567.0,64017.3,timeout,0.7958759056288268,9.126055516197766
2024-04-24 13:00:00,2024-04-24 14:30:00,long,2,66111.0,67222.0,65000.0,65000.0,SL,-1.7805070260622287,-89.48003919361584
2024-04-25 17:00:00,2024-04-26 17:00:00,short,2,64591.3,62721.3,66461.3,63683.1,timeout,1.3060717155406445,38.628974577046286
2024-04-27 14:15:00,2024-04-28 02:45:00,short,2,63129.5,62332.8,63926.2,63926.2,SL,-1.362009044899765,-88.97152854745015
2024-04-29 22:30:00,2024-04-30 09:30:00,short,2,63723.8,61726.2,65721.40000000001,61726.2,TP,3.034778528587444,82.63588783100408
2024-05-02 11:15:00,2024-05-03 11:15:00,short,2,58280.3,56537.7,60022.90000000001,59172.1,timeout,-1.63019116236532,-46.9047847652582
2024-05-05 01:15:00,2024-05-05 15:45:00,long,2,63234.8,64547.9,61921.700000000004,64547.9,TP,1.9765464585955808,80.31256913058996
2024-05-07 03:15:00,2024-05-08 03:15:00,long,2,62937.5,65500.0,60375.0,62687.6,timeout,-0.4970605759682248,-10.633779086095421
2024-05-09 15:00:00,2024-05-09 22:45:00,short,2,61842.4,60550.0,63134.8,63134.8,SL,-2.1898283378394137,-89.13591219307804
2024-05-10 14:00:00,2024-05-10 14:45:00,long,2,62533.9,64392.2,60675.600000000006,60675.600000000006,SL,-3.0716681671861115,-88.24455307114725
2024-05-11 15:15:00,2024-05-12 15:15:00,short,3,61059.9,60117.4,62002.4,61298.9,timeout,-0.49141891814431404,-26.12087754041628
2024-05-12 15:30:00,2024-05-13 08:15:00,short,3,61415.0,60117.4,62712.6,62712.6,SL,-2.2128388830090344,-87.10089876503163
2024-05-16 15:00:00,2024-05-16 17:15:00,long,2,65631.6,66440.0,64823.20000000001,64823.20000000001,SL,-1.331723742831188,-86.22988977738133
2024-05-18 14:30:00,2024-05-19 10:30:00,long,2,66653.5,67400.6,65906.4,67400.6,TP,1.0208713720959977,71.38289227322639
2024-05-19 13:30:00,2024-05-19 19:00:00,long,2,66887.9,67400.6,66375.19999999998,66375.19999999998,SL,-0.8665063486819166,-86.08141980233977
2024-05-19 19:45:00,2024-05-20 15:15:00,long,2,66002.9,67400.6,64605.19999999998,67400.6,TP,2.0176342251628516,77.53488316755535
2024-05-21 14:15:00,2024-05-21 19:15:00,long,2,70456.4,71674.6,69238.19999999998,69238.19999999998,SL,-1.8290125524437977,-85.99595443599192
2024-05-22 12:45:00,2024-05-23 12:45:00,long,2,69685.2,72132.8,67237.59999999999,69461.1,timeout,-0.421589089218358,-9.935979954292138
2024-05-26 02:15:00,2024-05-27 02:15:00,long,2,69007.8,70715.4,67300.20000000001,69174.2,timeout,0.1411321618715481,4.661639430050516
2024-05-30 02:30:00,2024-05-30 17:15:00,short,2,68103.8,67129.0,69078.6,69078.6,SL,-1.5313445064739455,-85.08325148638959
2024-06-01 12:45:00,2024-06-02 12:45:00,short,3,67757.2,66700.5,68813.9,67979.4,timeout,-0.4279356289811224,-21.720521113840782
2024-06-04 09:00:00,2024-06-04 15:45:00,long,2,68814.5,70372.9,67256.1,70372.9,TP,2.1646389932354286,76.90924841001191
2024-06-06 19:30:00,2024-06-07 12:00:00,long,2,70771.2,71824.4,69718.0,71824.4,TP,1.3881759811900847,74.1073652444157
2024-06-07 17:00:00,2024-06-07 18:00:00,long,2,70704.1,72132.8,69275.40000000001,69275.40000000001,SL,-2.1206748972124627,-85.52537989693155
2024-06-12 10:00:00,2024-06-12 14:15:00,short,3,67923.6,66000.0,69847.20000000001,69847.20000000001,SL,-2.9320053707400753,-84.67012609796224
2024-06-13 12:30:00,2024-06-14 12:30:00,short,2,67720.0,66000.0,69440.0,67049.9,timeout,0.8895156526875454,28.24466619677694
2024-06-15 15:15:00,2024-06-16 15:15:00,short,3,66317.5,65052.4,67582.6,66577.4,timeout,-0.4919025898141428,-20.607215344329056
2024-06-16 22:00:00,2024-06-17 22:00:00,short,3,66708.0,65052.4,68363.6,66643.0,timeout,-0.002560412544222587,-0.0832028053531226
2024-06-20 01:30:00,2024-06-20 11:15:00,short,2,65219.9,64009.8,66430.0,66430.0,SL,-1.9554152950249826,-83.89896731745355
2024-06-23 00:15:00,2024-06-23 23:30:00,short,2,64327.9,63361.2,65294.600000000006,63361.2,TP,1.4027694048772064,72.69542022366338
2024-06-25 14:15:00,2024-06-26 14:15:00,short,3,62058.0,58218.0,65898.0,61643.4,timeout,0.5680846949627745,7.569957321760519
2024-06-27 09:45:00,2024-06-28 09:45:00,short,2,61276.4,58218.0,64334.8,61530.2,timeout,-0.5141888231031778,-8.469832320511212
2024-06-30 19:00:00,2024-07-01 02:00:00,short,3,61916.9,60038.0,63795.8,63795.8,SL,-3.1345511483940594,-83.77793309652814
2024-07-06 13:45:00,2024-07-07 13:45:00,short,3,56963.0,53329.5,60596.5,56846.1,timeout,0.10522093288626204,1.3470353167737115
2024-07-08 08:45:00,2024-07-09 08:45:00,short,2,57767.8,53329.5,62206.100000000006,57599.7,timeout,0.19099255986900285,2.035657880202137
2024-07-09 14:00:00,2024-07-10 14:00:00,short,2,57844.6,54243.1,61446.1,57590.9,timeout,0.33858890890419696,4.440932449790952
2024-07-12 13:15:00,2024-07-13 09:45:00,short,2,57510.0,56500.1,58519.9,58519.9,SL,-1.8560424274039324,-83.01839002203054
2024-07-17 16:30:00,2024-07-18 16:30:00,long,2,64010.0,65388.0,62632.0,63776.1,timeout,-0.46541165442899773,-16.979555263658785
2024-07-20 13:15:00,2024-07-20 17:15:00,long,2,66527.0,67362.8,65691.2,67362.8,TP,1.156332015572629,69.92426110908788
2024-07-21 06:15:00,2024-07-21 17:00:00,long,2,66777.5,67648.7,65906.3,67648.7,TP,1.204631050877911,70.93980544885277
2024-07-21 17:45:00,2024-07-21 19:30:00,long,2,66620.9,67648.7,65593.09999999999,67648.7,TP,1.4427591041249865,73.27010843951706
2024-07-22 14:45:00,2024-07-23 14:45:00,long,2,66695.3,68351.2,65039.40000000001,67201.1,timeout,0.6583742782474971,21.453061432464285
2024-07-24 05:15:00,2024-07-25 05:15:00,long,2,65636.0,68459.7,62812.3,64174.1,timeout,-2.327283807666527,-44.607049735671325
2024-07-25 14:45:00,2024-07-25 21:45:00,short,2,64805.1,63800.0,65810.2,65810.2,SL,-1.6509581807604627,-83.92821243611616
2024-07-27 20:15:00,2024-07-27 21:00:00,long,3,67306.8,68459.7,66153.90000000001,68459.7,TP,1.612902708195894,73.9225332474094
2024-07-29 14:15:00,2024-07-29 14:45:00,long,2,68791.5,69381.7,68201.3,68201.3,SL,-0.9579548345362395,-83.82815564422908
2024-07-31 13:30:00,2024-07-31 19:45:00,short,2,66668.7,65254.5,68082.9,65254.5,TP,2.0212353023232748,75.51746681954424
2024-08-06 14:15:00,2024-08-07 14:15:00,short,3,56162.0,48888.0,63436.0,56199.9,timeout,-0.16748335173249074,-1.0746320171485055
2024-08-08 13:15:00,2024-08-09 13:15:00,short,2,57781.0,48888.0,66674.0,60347.6,timeout,-4.541944583859744,-24.551009834873103
2024-08-09 13:30:00,2024-08-10 13:30:00,long,2,59913.1,62737.2,57089.0,60594.0,timeout,1.036479334235754,17.976841484660536
2024-08-11 11:00:00,2024-08-11 20:15:00,long,3,60699.5,62737.2,58661.8,58661.8,SL,-3.457029300076602,-83.66856075230862
2024-08-12 11:30:00,2024-08-13 11:30:00,short,3,59586.1,57615.0,61557.2,58830.0,timeout,1.1689201004932335,28.41086685007967
2024-08-13 14:45:00,2024-08-14 12:15:00,short,2,59606.1,57615.0,61597.2,61597.2,SL,-3.440429922440822,-83.11598381328633
2024-08-14 13:30:00,2024-08-15 01:45:00,long,3,60119.9,62000.0,58239.8,58239.8,SL,-3.227250710663189,-82.28482397515347
2024-08-15 12:30:00,2024-08-15 18:15:00,short,2,59145.3,57615.0,60675.600000000006,57615.0,TP,2.487356899026639,75.39936635404976
2024-08-16 17:30:00,2024-08-17 17:30:00,short,2,58738.2,55969.0,61507.399999999994,59469.4,timeout,-1.3448457732787256,-22.965683931231627
2024-08-19 17:30:00,2024-08-20 00:30:00,short,2,58984.8,57500.0,60469.600000000006,60469.600000000006,SL,-2.6172586835930662,-81.98631255963012
2024-08-20 14:15:00,2024-08-20 16:00:00,long,2,59995.5,61386.0,58605.0,58605.0,SL,-2.4176738255369155,-81.16644943403381
2024-08-22 15:45:00,2024-08-23 14:00:00,long,2,60370.9,61793.9,58947.9,61793.9,TP,2.2570958856005126,73.81415415596199
2024-08-24 21:30:00,2024-08-25 21:30:00,long,2,63927.7,65000.0,62855.399999999994,64287.7,timeout,0.4631361678896629,21.13077269374391
2024-08-26 09:30:00,2024-08-27 09:30:00,long,2,63609.0,65175.4,62042.6,62603.7,timeout,-1.6804367306513277,-53.31677781119178
2024-08-27 10:00:00,2024-08-27 21:45:00,long,3,62439.9,65175.4,59704.4,59704.4,SL,-4.481012781891066,-80.7710664300786
2024-08-29 11:45:00,2024-08-30 11:45:00,short,2,60040.0,57820.0,62260.0,59367.0,timeout,1.0209193870752833,21.49713976517569
2024-09-01 18:15:00,2024-09-02 00:45:00,short,2,58502.9,57123.0,59882.8,57123.0,TP,2.2586864924644785,73.65628155825262
2024-09-02 20:45:00,2024-09-03 20:45:00,short,3,58962.1,57093.0,60831.2,58203.1,timeout,1.1872675837529532,29.378457083741605
2024-09-08 22:15:00,2024-09-09 21:15:00,short,3,55185.9,52510.8,57861.0,57861.0,SL,-4.947433855386971,-81.20867454984953
2024-09-12 13:45:00,2024-09-12 14:30:00,long,2,57595.7,58465.4,56725.99999999999,58465.4,TP,1.4100085596667884,70.4094871368875
2024-09-12 15:00:00,2024-09-13 14:45:00,long,2,57819.1,58465.4,57172.799999999996,58465.4,TP,1.0177967142345745,67.7814346061939
2024-09-14 18:00:00,2024-09-15 18:00:00,long,3,59599.0,60597.0,58601.0,59771.6,timeout,0.1896021745331273,8.737765393082116
2024-09-15 22:00:00,2024-09-16 02:45:00,long,2,59403.1,60597.0,58209.2,58209.2,SL,-2.109827769931201,-81.86587467571269
2024-09-16 13:45:00,2024-09-17 13:45:00,long,3,58472.0,60597.0,56347.0,58937.0,timeout,0.6952524285127923,15.08971152236733
2024-09-22 02:00:00,2024-09-23 02:00:00,long,3,62842.0,64126.7,61557.3,63792.7,timeout,1.4128417300531444,53.49918165903459
2024-09-24 00:30:00,2024-09-25 00:30:00,long,3,63212.2,64724.8,61699.59999999999,64351.9,timeout,1.7029747422174903,55.83450251161856
2024-09-26 01:30:00,2024-09-26 14:00:00,long,2,62922.9,64800.0,61045.8,64800.0,TP,2.883174647068076,76.95335137990976
2024-09-28 09:00:00,2024-09-29 09:00:00,long,2,65482.4,66450.0,64514.8,65627.6,timeout,0.12173897108231276,6.409384430770566
2024-09-29 23:15:00,2024-09-30 02:00:00,long,2,65519.6,66450.0,64589.2,64589.2,SL,-1.520033089335102,-83.12507724399256
2024-10-02 16:00:00,2024-10-02 19:30:00,short,2,62105.4,60128.2,64082.600000000006,60128.2,TP,3.0836201038879136,77.28144234257778
2024-10-04 08:15:00,2024-10-05 08:15:00,short,2,61528.8,59815.0,63242.600000000006,62117.7,timeout,-1.0571127667043632,-30.433199504988128
2024-10-06 09:45:00,2024-10-07 09:45:00,short,2,62036.3,59815.0,64257.600000000006,63185.8,timeout,-1.9529473872555263,-43.91361075636399
2024-10-07 23:00:00,2024-10-08 23:00:00,long,2,62600.2,64448.2,60752.2,62061.0,timeout,-0.9613391011530269,-25.930124916285205
2024-10-11 13:30:00,2024-10-12 13:30:00,short,2,61466.0,58900.0,64032.0,63009.2,timeout,-2.610656297790644,-50.118671181185064
2024-10-13 01:15:00,2024-10-13 14:45:00,long,2,62904.0,63462.6,62345.4,62345.4,SL,-0.988019839755816,-81.56268483139016
2024-10-17 10:30:00,2024-10-18 10:30:00,long,2,66977.9,68400.0,65555.79999999999,67875.7,timeout,1.2404421458421404,45.05233761264011
2024-10-19 11:00:00,2024-10-20 11:00:00,long,2,68276.0,69000.0,67552.0,68369.9,timeout,0.03753002519185978,2.626113658305612
2024-10-21 13:30:00,2024-10-22 13:30:00,long,2,67577.7,69425.8,65729.59999999999,66841.4,timeout,-1.1895606094910052,-34.08404017579498
2024-10-30 11:45:00,2024-10-31 11:45:00,long,2,71995.0,73660.0,70330.0,72213.3,timeout,0.2032155010764677,6.812677999284378
2024-10-31 12:15:00,2024-10-31 15:45:00,long,2,72112.9,73660.0,70565.79999999999,70565.79999999999,SL,-2.2453859156960907,-80.95112887402061
2024-11-01 01:30:00,2024-11-02 01:30:00,long,2,69945.5,73660.0,66231.0,69672.5,timeout,-0.49030387944899956,-7.262413242202268
2024-11-03 21:15:00,2024-11-04 17:00:00,short,2,69308.2,67446.6,71169.79999999999,67446.6,TP,2.5859736654537144,74.32098553406719
2024-11-08 15:00:00,2024-11-08 18:30:00,long,2,75892.3,76900.0,74884.6,76900.0,TP,1.2278026888103235,69.49240345888886
2024-11-09 16:15:00,2024-11-10 02:15:00,long,2,76089.2,77182.9,74995.5,77182.9,TP,1.3373919031873078,70.9038287077674
2024-11-12 10:45:00,2024-11-12 19:30:00,long,2,86972.1,89800.0,84144.20000000001,89800.0,TP,3.1515024933283136,77.30993830086739
2024-11-16 12:00:00,2024-11-17 12:00:00,long,2,90728.5,93421.1,88035.9,90899.9,timeout,0.08891528020411908,2.4053461502965217
2024-11-17 22:00:00,2024-11-18 06:45:00,long,2,89420.0,91921.5,86918.5,91921.5,TP,2.6974726012077834,77.28326819264042
2024-11-22 14:30:00,2024-11-22 17:00:00,long,2,97732.4,99100.0,96364.79999999999,99100.0,TP,1.299331235086835,72.60968138157091
2024-11-24 11:00:00,2024-11-25 11:00:00,long,2,97566.0,99660.0,95472.0,98424.0,timeout,0.7794047106574011,29.324230606292378
2024-11-27 14:00:00,2024-11-28 14:00:00,short,2,94423.1,90866.4,97979.80000000002,95976.1,timeout,-1.7447246489471329,-38.26508169166022
2024-11-30 11:00:00,2024-12-01 11:00:00,long,2,96346.5,98713.3,93979.7,97027.1,timeout,0.606408639649604,20.024931295809864
2024-12-02 04:00:00,2024-12-03 04:00:00,long,3,96249.3,98713.3,93785.3,96172.0,timeout,-0.18031227240094516,-5.736268659562781
2024-12-05 19:45:00,2024-12-05 20:00:00,long,2,99111.6,99660.0,98563.20000000001,98563.20000000001,SL,-0.6533156562904788,-84.5657260856282
2024-12-08 08:30:00,2024-12-09 08:30:00,long,2,99274.2,104630.4,93918.0,99526.7,timeout,0.1543460435843351,2.351413287176895
2024-12-14 13:15:00,2024-12-15 04:15:00,long,2,101020.1,102638.0,99402.20000000001,102638.0,TP,1.5015624613319467,73.90044350661336
2024-12-17 15:30:00,2024-12-18 01:45:00,long,2,106452.3,107777.0,105127.6,105127.6,SL,-1.3444071194328322,-84.48258739270982
2024-12-18 04:15:00,2024-12-19 01:45:00,long,2,104003.3,108366.8,99639.8,99639.8,SL,-4.29553994921315,-83.63776151878272
2024-12-24 13:15:00,2024-12-24 14:30:00,short,2,94741.8,92464.4,97019.20000000001,97019.20000000001,SL,-2.503796423542733,-82.8013839035949
2024-12-27 09:00:00,2024-12-27 17:15:00,short,3,97260.4,93525.6,100995.19999999998,93525.6,TP,3.7400006580273044,77.81228598465923
2024-12-28 14:15:00,2024-12-29 14:15:00,short,3,94847.2,93440.0,96254.4,94622.0,timeout,0.137434526269618,7.181457950772939
2024-12-31 08:30:00,2025-01-01 08:30:00,short,2,94231.2,91510.0,96952.4,93450.0,timeout,0.7290247816009953,20.208992557869678
2025-01-01 14:00:00,2025-01-02 13:00:00,short,2,94220.2,91510.0,96930.4,96930.4,SL,-2.9764532446333134,-83.02539742949195
2025-01-04 09:45:00,2025-01-05 09:45:00,long,2,97644.3,98949.0,96339.6,97620.0,timeout,-0.12488624528006541,-7.14748099453454
2025-01-07 14:45:00,2025-01-07 15:45:00,long,2,99945.3,102762.1,97128.5,97128.5,SL,-2.9183416328731844,-82.1236686452517
2025-01-11 21:15:00,2025-01-12 21:15:00,short,2,94751.7,91055.8,98447.59999999999,94573.5,timeout,0.08807050427590966,1.7898109005444198
2025-01-13 00:15:00,2025-01-13 11:30:00,short,2,95228.7,91055.8,99401.59999999999,91055.8,TP,4.281977282058869,77.69155977513375
2025-01-16 08:45:00,2025-01-17 01:30:00,long,2,98910.0,100850.0,96970.0,100850.0,TP,1.8613790314427257,74.13197150555855
2025-01-18 04:15:00,2025-01-19 04:15:00,long,2,102977.3,105784.0,100170.6,105027.2,timeout,1.890632887053743,55.42892449789755
2025-01-19 09:15:00,2025-01-19 19:45:00,long,2,104295.0,105784.0,102806.0,105784.0,TP,1.3276810968886332,72.47528095194444
2025-01-19 22:00:00,2025-01-19 22:45:00,long,3,104030.9,105784.0,102277.79999999999,102277.79999999999,SL,-1.7851723862813893,-84.11760743510993
2025-01-20 00:30:00,2025-01-20 06:45:00,long,2,100730.1,106450.0,95010.20000000001,106450.0,TP,5.578441697168963,80.39411686404745
2025-01-20 17:00:00,2025-01-20 17:30:00,long,2,104242.1,106450.0,102034.20000000001,102034.20000000001,SL,-2.218050192772396,-84.08037252939933
2025-01-22 13:30:00,2025-01-23 13:30:00,long,2,104581.6,110000.0,99163.20000000001,102130.5,timeout,-2.4437201190266795,-38.517932847103225
2025-01-26 09:30:00,2025-01-27 00:45:00,long,2,104575.3,107076.5,102074.1,102074.1,SL,-2.4917693757512502,-82.85438947563429
2025-01-28 15:00:00,2025-01-29 15:00:00,short,3,102878.1,97680.0,108076.20000000001,102230.5,timeout,0.5294828539796184,8.428873617478795
2025-02-04 19:15:00,2025-02-05 19:15:00,short,2,100372.2,91130.3,109614.09999999999,97122.1,timeout,3.1380479853983387,27.683262399500027
2025-02-07 13:45:00,2025-02-07 20:45:00,short,3,98787.9,95613.5,101962.29999999999,95613.5,TP,3.1133490032686133,77.41393410570359
2025-02-08 19:30:00,2025-02-09 19:30:00,short,2,96520.0,95555.0,97485.0,95931.7,timeout,0.5095109821798621,38.52680010495677
2025-02-12 16:45:00,2025-02-13 16:45:00,short,2,96944.3,94003.9,99884.70000000001,95321.0,timeout,1.5744666782884633,41.98453385789221
2025-02-13 21:30:00,2025-02-14 21:30:00,short,2,96560.7,94003.9,99117.5,97260.1,timeout,-0.8243112363518582,-25.18836242146392
2025-02-16 07:15:00,2025-02-17 05:00:00,long,2,97335.1,98792.8,95877.40000000001,95877.40000000001,SL,-1.59760980365767,-83.71433599751862
2025-02-17 15:00:00,2025-02-17 15:45:00,short,2,96579.1,95739.6,97418.6,95739.6,TP,0.7692356834967399,65.77563642191896
2025-02-18 14:15:00,2025-02-18 16:30:00,short,2,96463.2,95000.0,97926.4,95000.0,TP,1.4168478756665726,73.20188671940981
2025-02-19 10:00:00,2025-02-20 10:00:00,short,3,96326.6,93321.6,99331.6,97082.5,timeout,-0.8847261296464258,-23.15607505487159
2025-02-21 15:15:00,2025-02-21 15:30:00,long,2,98167.0,98888.0,97446.0,97446.0,SL,-0.8344627013151059,-84.03540711840799
2025-02-22 12:45:00,2025-02-23 12:45:00,short,3,96781.1,94830.4,98731.80000000002,95691.6,timeout,1.0257363266174904,40.33702755374948
2025-03-01 21:45:00,2025-03-02 17:30:00,short,2,86028.8,78200.2,93857.40000000001,93857.40000000001,SL,-9.199975822050297,-83.59842332276139
2025-03-03 14:30:00,2025-03-03 18:15:00,long,2,91328.3,94971.0,87685.6,87685.6,SL,-4.088577472700135,-82.76243908953379
2025-03-04 17:30:00,2025-03-05 10:15:00,short,2,85166.0,81200.0,89132.0,89132.0,SL,-4.7567879200619965,-81.93481469863843
2025-03-10 09:15:00,2025-03-10 14:15:00,short,2,83185.3,79933.4,86437.20000000001,79933.4,TP,3.809224346128473,77.06902466919757
2025-03-11 18:15:00,2025-03-12 18:15:00,short,2,82516.5,77410.1,87622.9,82488.0,timeout,-0.06546145316391268,-0.8524329864814275
2025-03-13 12:30:00,2025-03-14 12:30:00,short,2,82965.0,76560.0,89370.0,83228.0,timeout,-0.41700114506117036,-4.3660523934635
2025-03-15 08:15:00,2025-03-16 08:15:00,long,2,83785.8,85270.2,82301.40000000001,84149.9,timeout,0.334560510253517,14.627874055776317
2025-03-17 12:30:00,2025-03-18 12:30:00,short,2,83292.3,81730.9,84853.70000000001,82508.1,timeout,0.8415035963708496,34.936984232927934
2025-03-20 10:15:00,2025-03-21 10:15:00,long,2,85197.0,87500.0,82894.0,84006.4,timeout,-1.4974670469617541,-43.981247309177654
2025-03-22 15:00:00,2025-03-23 15:00:00,long,2,84025.8,87500.0,80551.6,84996.4,timeout,1.055121403188058,20.403817842006895
2025-03-27 12:00:00,2025-03-28 07:45:00,long,2,86963.5,88752.0,85175.0,85175.0,SL,-2.156609957050947,-82.09384623275992
2025-03-31 12:45:00,2025-04-01 09:00:00,short,3,82735.8,81222.0,84249.6,84249.6,SL,-1.9296795341315403,-81.27290777043233
2025-04-07 14:00:00,2025-04-08 14:00:00,short,2,79529.5,77111.0,81948.0,79934.0,timeout,-0.6086162996120936,-15.590328321803963
2025-04-09 17:00:00,2025-04-09 18:15:00,short,2,78470.9,74457.0,82484.79999999999,82484.79999999999,SL,-5.215144595002727,-80.30427540950996
2025-04-13 13:45:00,2025-04-14 13:45:00,long,2,83577.0,86100.0,81054.0,84341.4,timeout,0.8146056929537963,20.765267137766145
2025-04-14 15:30:00,2025-04-15 13:45:00,long,2,84205.7,86100.0,82311.4,86100.0,TP,2.1496101807834895,72.92402492920834
2025-04-15 15:45:00,2025-04-15 22:45:00,long,2,84871.9,86100.0,83643.79999999999,83643.79999999999,SL,-1.54700424993432,-80.4381255760846
2025-04-18 07:15:00,2025-04-19 07:15:00,long,2,84480.0,86443.0,82517.0,85119.9,timeout,0.6574573863636295,21.60224972668537
2025-04-19 16:45:00,2025-04-20 10:45:00,long,2,84800.0,85600.0,84000.0,84000.0,SL,-1.0433962264150942,-79.8497668175906
2025-04-21 17:00:00,2025-04-22 01:15:00,long,2,86807.9,88418.2,85197.59999999999,88418.2,TP,1.7550154997413865,70.96424690740467
2025-04-23 15:15:00,2025-04-23 18:00:00,long,2,92135.8,94142.5,90129.1,94142.5,TP,2.0779807631778278,72.75813855668109
2025-04-24 04:00:00,2025-04-25 04:00:00,long,2,92620.7,94904.3,90337.09999999999,93423.1,timeout,0.7663290171635594,24.041986597656532
2025-04-26 08:45:00,2025-04-27 08:45:00,long,2,94271.2,95769.6,92772.79999999999,94165.2,timeout,-0.21244155160855066,-10.15129566929865
2025-04-28 01:00:00,2025-04-29 01:00:00,long,2,93289.9,95769.6,90810.19999999998,94989.9,timeout,1.722276580851732,50.347985344793045
2025-04-29 21:15:00,2025-04-30 13:45:00,long,2,94524.7,95578.8,93470.59999999999,93470.59999999999,SL,-1.2151582602219375,-81.13087976678706
2025-05-03 10:30:00,2025-05-04 10:30:00,long,2,95903.8,97865.4,93942.20000000001,95445.4,timeout,-0.5779789747643042,-21.63857165296771
2025-05-04 22:00:00,2025-05-05 22:00:00,long,3,95145.8,97865.4,92426.20000000001,94789.9,timeout,-0.47405749912240863,-12.836045540880903
2025-05-07 18:00:00,2025-05-08 00:45:00,long,3,96182.3,97700.0,94664.6,97700.0,TP,1.4779410556827992,70.44232965662444
2025-05-12 14:15:00,2025-05-12 18:45:00,long,3,102906.9,105000.1,100813.69999999998,100813.69999999998,SL,-2.1340715734319193,-80.67924809374696
2025-05-14 09:00:00,2025-05-15 09:00:00,long,2,103079.9,105863.1,100296.69999999998,101950.1,timeout,-1.1960429724902608,-34.11766997673152
2025-05-15 14:45:00,2025-05-16 14:45:00,long,2,101932.0,105863.1,98000.9,103539.9,timeout,1.4774241651296884,29.697647090852655
2025-05-17 01:00:00,2025-05-18 01:00:00,long,2,102877.8,104949.2,100806.40000000001,103225.2,timeout,0.2376821821617435,8.97759275684324
2025-05-23 11:30:00,2025-05-23 12:00:00,long,2,110326.8,111959.5,108694.1,108694.1,SL,-1.5798761497659655,-79.91803131151914
2025-05-24 22:45:00,2025-05-25 22:45:00,long,3,108052.8,111959.5,104146.1,109122.6,timeout,0.8900715205899363,18.953180234392633
2025-05-26 16:15:00,2025-05-27 16:15:00,long,2,109289.9,111348.0,107231.79999999999,110049.7,timeout,0.5952152028687032,23.80324095196387
2025-05-27 21:30:00,2025-05-28 15:45:00,long,2,108863.9,110700.0,107027.79999999999,107027.79999999999,SL,-1.7866013435124097,-79.54641521026751
2025-06-02 08:15:00,2025-06-03 08:15:00,short,2,105763.2,103032.1,108494.29999999999,104880.1,timeout,0.7349785180478572,21.578767806819155
2025-06-08 09:15:00,2025-06-08 13:45:00,long,2,105148.9,105878.3,104419.49999999999,105878.3,TP,0.5936829581669506,59.067927019622516
2025-06-10 13:45:00,2025-06-11 13:45:00,long,2,109266.9,110653.6,107880.19999999998,109631.5,timeout,0.23367836005231762,13.578938255637679
2025-06-11 18:15:00,2025-06-12 18:15:00,long,3,108488.7,110653.6,106323.79999999999,107745.0,timeout,-0.7855091820622766,-29.873312383249534
2025-06-14 21:45:00,2025-06-15 21:45:00,short,2,105269.1,102614.0,107924.20000000001,104744.8,timeout,0.398056884688862,12.052278808060166
2025-06-23 13:30:00,2025-06-23 22:15:00,short,2,101948.7,98115.4,105782.0,105782.0,SL,-3.8600283279727967,-79.51499705323373
2025-06-26 15:30:00,2025-06-27 15:30:00,long,2,106868.0,108249.9,105486.1,107130.0,timeout,0.14516225624134443,8.202733614393699
2025-06-30 21:45:00,2025-08-01 00:00:00,long,2,107066.1,108783.9,105348.30000000002,108783.9,TP,1.5044294132316283,69.55515832639821
2025-08-02 14:15:00,2025-08-03 14:15:00,long,2,113215.0,116000.0,110430.0,113604.4,timeout,0.2439473567990056,7.575696282157154
2025-08-05 12:30:00,2025-08-06 12:30:00,long,3,113828.6,115686.0,111971.20000000001,114006.6,timeout,0.05637546275716295,2.590426373336801
2025-08-08 14:30:00,2025-08-09 10:00:00,long,2,116488.0,117580.0,115396.0,117580.0,TP,0.837435615685736,64.25373258204363
2025-08-14 12:30:00,2025-08-15 12:30:00,long,3,119478.5,123715.9,115241.1,118593.8,timeout,-0.8404679503006792,-18.494184353014543
2025-08-17 04:45:00,2025-08-18 01:15:00,short,3,118023.5,116736.3,119310.7,116736.3,TP,0.9906302558388771,66.60890035898511
2025-08-18 16:00:00,2025-08-19 04:00:00,short,2,116023.3,114605.0,117441.6,114605.0,TP,1.1224268746019144,68.51449415078964
2025-08-27 13:30:00,2025-08-28 13:30:00,short,2,111509.4,108559.7,114459.09999999999,112871.3,timeout,-1.3213320132652573,-39.18294176002623
2025-09-01 08:00:00,2025-09-02 08:00:00,short,2,109473.6,107281.0,111666.20000000001,109999.9,timeout,-0.580755177503972,-22.37456241255867
2025-09-08 02:15:00,2025-09-09 02:15:00,long,2,110815.1,113344.3,108285.90000000001,111263.9,timeout,0.3049989577232601,10.343346710889287
2025-09-11 12:30:00,2025-09-11 13:45:00,long,2,113811.3,114433.2,113189.40000000001,114433.2,TP,0.4464308025652937,55.86733436963484
2025-09-13 13:45:00,2025-09-14 13:45:00,long,2,115706.4,116605.7,114807.09999999999,115279.5,timeout,-0.4689510692580482,-43.54426240459742
2025-09-15 00:00:00,2025-09-15 06:00:00,long,2,115061.3,116605.7,113516.90000000001,116605.7,TP,1.2422410489017544,69.78385119738331
2025-09-16 13:45:00,2025-09-16 17:30:00,long,2,115154.6,116759.9,113549.30000000002,116759.9,TP,1.2940389702191561,70.77779306447361
2025-09-17 14:30:00,2025-09-17 23:00:00,long,2,115542.4,116910.8,114173.99999999999,116910.8,TP,1.084327138781961,69.58916626760853
2025-09-18 23:00:00,2025-09-19 00:15:00,long,2,116715.4,117266.4,116164.4,117266.4,TP,0.3720885161683891,54.06189393509095
2025-09-19 09:45:00,2025-09-20 09:45:00,long,2,116437.7,117875.2,115000.2,115605.7,timeout,-0.8145452031429683,-51.062132295007586
2025-09-24 14:45:00,2025-09-25 13:00:00,short,2,113662.7,110935.0,116390.4,110935.0,TP,2.2998198177590337,76.49799113454604
2025-09-28 13:30:00,2025-09-28 20:15:00,short,2,109550.2,108566.0,110534.4,110534.4,SL,-0.99840091574456,-83.91549143412664
2025-09-28 22:00:00,2025-09-29 19:45:00,short,2,111411.8,108566.0,114257.6,114257.6,SL,-2.6543075329543213,-83.07633651978537
2025-09-30 09:45:00,2025-10-01 08:15:00,long,2,112743.1,114800.0,110686.20000000001,114800.0,TP,1.7244132013400324,73.69797297211971
2025-10-03 08:15:00,2025-10-03 15:15:00,long,2,119623.9,120999.0,118248.79999999999,120999.0,TP,1.0495194522164937,69.70023819331165
2025-10-07 13:45:00,2025-10-07 15:30:00,long,2,123825.4,126208.5,121442.29999999999,121442.29999999999,SL,-2.024564750043211,-83.67955526624185
2025-10-08 04:00:00,2025-10-09 04:00:00,long,2,121339.1,126208.5,116469.70000000001,121850.1,timeout,0.32113383072727586,6.468096941488513
2025-10-09 14:45:00,2025-10-10 14:45:00,long,2,121235.1,126208.5,116261.70000000001,120436.4,timeout,-0.7588026074956936,-14.970545139818842
2025-10-12 14:45:00,2025-10-13 14:45:00,short,2,112260.0,101516.5,123003.5,113973.6,timeout,-1.626456440406205,-13.919250098561738
2025-10-18 07:00:00,2025-10-19 07:00:00,short,2,107240.2,103470.0,111010.4,106816.2,timeout,0.2953741227636651,6.749358267766362
2025-10-19 09:45:00,2025-10-20 06:15:00,short,3,107348.8,103470.0,111227.6,111227.6,SL,-3.713268150179604,-82.68603631328818
2025-10-21 14:15:00,2025-10-21 15:30:00,short,2,109618.6,106055.8,113181.40000000001,113181.40000000001,SL,-3.3501783456457233,-81.8591759501553
2025-10-22 13:45:00,2025-10-23 13:45:00,short,2,108728.0,106055.8,111400.2,109450.0,timeout,-0.7640423809874181,-24.208711057436037
2025-10-24 14:15:00,2025-10-25 14:15:00,long,3,109967.4,113940.0,105994.79999999999,111572.1,timeout,1.3592506506473843,29.582401411572594
2025-10-27 20:45:00,2025-10-28 20:15:00,long,2,114405.4,116380.2,112430.59999999999,112430.59999999999,SL,-1.8261422974789678,-81.09432109419514
2025-10-28 21:00:00,2025-10-29 21:00:00,long,2,112632.6,116380.2,108885.00000000001,111326.9,timeout,-1.2592558459984158,-29.497842199959187
2025-10-31 00:45:00,2025-11-01 00:45:00,short,2,109276.3,106200.0,112352.6,109689.7,timeout,-0.4783070986114959,-13.124168670306062
2025-11-01 04:00:00,2025-11-02 04:00:00,short,2,110230.1,106200.0,114260.20000000001,110076.9,timeout,0.038982002193603774,0.828787560648264
2025-11-02 04:45:00,2025-11-03 04:45:00,short,3,110624.8,106200.0,115049.6,107843.8,timeout,2.413902849993853,47.023314200056184
2025-11-05 14:30:00,2025-11-06 14:30:00,short,2,102934.4,98888.8,106979.99999999999,102464.2,timeout,0.35679578449963967,7.1120372710441675
2025-11-09 12:15:00,2025-11-09 23:00:00,short,2,102145.5,99200.0,105091.0,105091.0,SL,-2.9836316822571725,-80.406799164868
2025-11-10 15:45:00,2025-11-11 01:15:00,long,2,105028.9,106666.0,103391.79999999999,106666.0,TP,1.4587138397145987,70.00460408616061
2025-11-12 08:30:00,2025-11-12 16:00:00,short,2,104004.7,101300.0,106709.4,101300.0,TP,2.5005555518164058,74.35564702747402
2025-11-13 05:45:00,2025-11-13 16:15:00,short,2,103097.5,100711.0,105484.0,100711.0,TP,2.214799097941269,74.33386358666087
2025-11-23 01:45:00,2025-11-24 01:45:00,short,3,85837.5,80600.0,91075.0,87033.6,timeout,-1.4934469200524314,-19.69614890282749
2025-11-28 17:30:00,2025-11-29 17:30:00,long,2,90217.3,93080.0,87354.6,90529.0,timeout,0.24549914484250482,6.119837455390937
2025-11-29 18:00:00,2025-11-30 18:00:00,long,3,90328.9,93080.0,87577.79999999999,91254.1,timeout,0.9242569100254866,23.991622312950962
2025-11-30 21:00:00,2025-12-01 00:00:00,long,2,91129.8,93080.0,89179.6,89179.6,SL,-2.24002444864358,-81.89382542887743
2025-12-02 10:45:00,2025-12-02 15:00:00,short,3,87241.8,83786.0,90697.6,90697.6,SL,-4.061174574573201,-81.07488717458865
2025-12-03 14:00:00,2025-12-03 22:45:00,long,2,91980.0,93932.7,90027.3,93932.7,TP,2.022961513372469,73.04276826831854
2025-12-04 13:00:00,2025-12-04 19:15:00,long,2,92503.8,94185.0,90822.6,90822.6,SL,-1.917438851160706,-80.99456598552594
2025-12-06 14:15:00,2025-12-07 14:15:00,short,3,89877.6,87976.3,91778.90000000001,87976.3,TP,2.0154325438151472,72.94588759607139
2025-12-10 12:30:00,2025-12-11 12:30:00,long,2,91891.8,94555.0,89228.6,90235.9,timeout,-1.902010625540047,-51.330762965198765
2025-12-15 02:15:00,2025-12-15 15:00:00,short,2,89640.3,87504.3,91776.3,87504.3,TP,2.282856817748267,73.92429890571461
2025-12-16 10:30:00,2025-12-17 10:30:00,short,3,87100.4,85073.0,89127.79999999999,86684.2,timeout,0.377839366983386,12.628584197019375
2025-12-17 13:45:00,2025-12-17 15:00:00,short,2,87579.0,85073.0,90085.0,90085.0,SL,-2.9614165496294773,-81.26630040300675
2025-12-18 13:00:00,2025-12-18 19:15:00,short,2,87862.2,85073.0,90651.4,85073.0,TP,3.074516458727413,75.53971264623664
2025-12-19 15:15:00,2025-12-20 15:15:00,short,2,88156.8,84408.6,91905.0,88069.8,timeout,-0.0013122073396493487,-0.02448745412288756
2025-12-24 16:30:00,2025-12-25 16:30:00,short,2,87485.4,86355.0,88615.79999999999,88287.6,timeout,-1.016953000157754,-59.32436213134355
2025-12-27 21:30:00,2025-12-28 21:30:00,short,2,87592.4,86355.0,88829.79999999999,87555.4,timeout,-0.05775889232399158,-3.0781564867444997
2025-12-30 08:00:00,2025-12-30 14:45:00,short,3,87833.9,86760.0,88907.79999999999,88907.79999999999,SL,-1.3226486584336963,-80.58476446471694
2025-12-31 15:00:00,2026-02-01 00:00:00,long,2,88156.7,90373.4,85940.0,85940.0,SL,-2.6144997487428605,-79.77891682006978
2026-02-06 14:45:00,2026-02-07 14:45:00,short,2,68149.1,62233.3,74064.90000000001,68615.9,timeout,-0.7849686936437728,-7.060702296807896
2026-02-08 07:45:00,2026-02-09 07:45:00,short,2,69665.0,59800.0,79530.0,70393.5,timeout,-1.145718797100409,-6.339782538995202
2026-02-12 10:45:00,2026-02-12 16:45:00,short,2,67979.5,65718.5,70240.5,65718.5,TP,3.226002691988026,74.24425877261574
2026-02-13 13:30:00,2026-02-13 16:30:00,short,2,67270.3,65081.0,69459.6,69459.6,SL,-3.3544822901042557,-79.58956539123722
2026-02-14 03:30:00,2026-02-15 03:30:00,short,2,68918.3,65081.0,72755.6,69327.5,timeout,-0.6937465085470725,-9.644288294274526
2026-02-18 08:15:00,2026-02-18 18:30:00,short,2,68254.7,66588.0,69921.4,66588.0,TP,2.3418831230669785,72.50518551776644
2026-02-24 16:00:00,2026-02-25 01:00:00,short,2,64122.4,62401.7,65843.1,65843.1,SL,-2.7834616296333334,-79.42227870955975
2026-02-25 13:00:00,2026-02-25 21:30:00,short,2,66015.1,62401.7,69628.50000000001,69628.50000000001,SL,-5.5735961923863,-78.62805592246416
2026-02-26 14:45:00,2026-02-27 14:45:00,long,3,67659.8,69999.0,65320.600000000006,65855.5,timeout,-2.7667238153231355,-60.542236087293155
2026-03-05 15:00:00,2026-03-06 13:45:00,long,2,71757.1,74046.5,69467.70000000001,69467.70000000001,SL,-3.290485680162652,-77.2363530023666
2026-03-08 09:00:00,2026-03-08 22:00:00,short,2,67730.0,66508.0,68952.0,66508.0,TP,1.704222648752399,68.43299692822626
2026-03-11 11:45:00,2026-03-12 11:45:00,long,2,69144.0,71748.1,66539.9,70388.5,timeout,1.699866944348027,33.92011359443081
2026-03-14 06:30:00,2026-03-15 06:30:00,long,3,70420.6,73870.0,66971.20000000001,71376.0,timeout,1.2567052822611482,19.482487109776205
2026-03-18 11:15:00,2026-03-18 14:45:00,long,2,73555.9,75998.9,71112.9,71112.9,SL,-3.421283540817256,-77.68234544866723
2026-03-28 14:30:00,2026-03-29 14:30:00,short,2,66859.6,65501.0,68218.20000000001,66542.2,timeout,0.3747261425434922,13.517001984925693
2026-03-30 00:15:00,2026-03-31 00:15:00,short,2,66537.5,64918.2,68156.8,66779.9,timeout,-0.4643058425699706,-14.118062262278452
