entry_time,exit_time,direction,entry_price,tp_price,sl_price,exit_price,result,pnl_pct,pnl_abs,ob_low,ob_high
2022-01-05 13:30:00,2022-01-05 17:30:00,long,46419.0,47106.72,46075.14,46075.14,SL,-0.8407742519227053,-4.0,46301.0,46419.0
2022-01-06 13:00:00,2022-01-07 03:15:00,long,43150.71,44776.54799999999,42337.791000000005,42337.791000000005,SL,-1.9839064293495852,-3.92,42808.27,43150.71
2022-01-08 00:15:00,2022-01-08 16:45:00,long,41991.0,43394.600000000006,41289.2,41289.2,SL,-1.771310518920728,-3.8416,41638.23,41991.0
2022-01-09 15:30:00,2022-01-09 19:15:00,long,41589.22,42502.566000000006,41132.547,42502.566000000006,TP,2.096112357962003,6.586816935723206,41402.55,41589.22
2022-01-11 08:30:00,2022-01-11 16:30:00,short,42074.63,40724.778,42749.556,42749.556,SL,-1.7041163047660777,-3.8965043387144647,42074.63,42249.0
2022-01-12 22:00:00,2022-01-13 00:00:00,short,43676.55,42988.45400000001,44020.598,44020.598,SL,-0.8877178943849623,-3.8185742519401757,43676.55,43846.36
2022-01-14 23:30:00,2022-01-15 17:45:00,short,42752.0,41305.206000000006,43475.397,43475.397,SL,-1.792077563622748,-3.742202766901372,42752.0,43211.07
2022-01-16 17:45:00,2022-01-17 05:00:00,short,43091.62,42393.400000000016,43440.729999999996,42393.400000000016,TP,1.5203150403720875,6.125907311615318,43091.62,43212.95
2022-01-18 16:45:00,2022-01-19 07:30:00,long,41769.42,42871.471999999994,41218.394,41218.394,SL,-1.4192091247616032,-3.789876857795651,41618.3,41769.42
2022-01-22 15:45:00,2022-01-23 15:45:00,short,34250.0,30298.069999999992,36225.965000000004,35265.33,timeout,-3.064467153284677,-1.9392071859761544,34250.0,35050.0
2022-01-23 23:00:00,2022-01-24 08:45:00,long,35599.99,37214.46599999999,34792.752,34792.752,SL,-2.367523108854799,-3.6752951769202147,35351.0,35599.99
2022-01-25 06:00:00,2022-01-25 07:00:00,long,36153.04,36870.242000000006,35794.439,35794.439,SL,-1.0918972235806517,-3.6017892733818107,35950.0,36153.04
2022-01-25 10:45:00,2022-01-25 14:15:00,short,36255.49,35105.35199999999,36830.559,36830.559,SL,-1.6861570206332979,-3.5297534879141743,36255.49,36450.0
2022-01-25 15:00:00,2022-01-25 17:15:00,short,36318.39,34486.61,37234.28,37234.28,SL,-2.6218353566884423,-3.459158418155891,36318.39,36649.99
2022-01-25 21:30:00,2022-01-26 04:45:00,long,36429.4,37486.21599999999,35900.992000000006,37486.21599999999,TP,2.8009975459381478,6.124037323343312,36225.7,36429.4
2022-01-26 12:45:00,2022-01-26 13:45:00,short,37618.13,36364.857999999986,38244.766,38244.766,SL,-1.7657818982496096,-3.51245599625964,37618.13,37840.7
2022-01-26 19:15:00,2022-01-26 22:00:00,short,38096.14,36297.94399999999,38995.238000000005,36297.94399999999,TP,4.620152750383663,6.4646454587598035,38096.14,38450.0
2022-01-28 13:45:00,2022-01-29 13:30:00,long,36949.12,38082.06200000001,36382.649,38082.06200000001,TP,2.9662218748376414,6.486920482267147,36708.03,36949.12
2022-01-29 19:00:00,2022-01-29 20:30:00,long,37829.98,38649.23600000001,37420.352,38649.23600000001,TP,2.065626310138172,6.4637216480348565,37749.51,37829.98
2022-01-30 08:30:00,2022-01-31 00:30:00,short,37981.45,37049.68999999999,38447.33,37049.68999999999,TP,2.353197547750308,6.7947846030172165,37981.45,38200.0
2022-02-06 15:00:00,2022-02-06 23:00:00,short,41400.29,40464.082,41868.394,41868.394,SL,-1.2306780701294588,-3.966408320176027,41400.29,41555.89
2022-02-08 14:15:00,2022-02-08 15:00:00,long,44134.17,45615.478,43393.515999999996,43393.515999999996,SL,-1.7781872186562075,-3.8870801537725073,43560.0,44134.17
2022-02-08 20:45:00,2022-02-09 02:00:00,long,44134.17,45601.577999999994,43400.466,43400.466,SL,-1.7624397830524465,-3.809338550697057,43560.0,44134.17
2022-02-10 00:15:00,2022-02-10 10:15:00,short,43750.0,42087.600000000006,44581.2,44581.2,SL,-1.9998857142857078,-3.733151779683116,43750.0,44290.13
2022-02-10 19:15:00,2022-02-11 00:45:00,short,44644.69,42663.016,45635.527,42663.016,TP,4.338767521960616,6.843771353993097,44644.69,45000.0
2022-02-11 18:45:00,2022-02-12 18:45:00,short,42811.42,40824.86,43804.7,42810.01,timeout,-0.0967064862599834,-0.151659846872921,42811.42,43277.0
2022-02-12 23:00:00,2022-02-13 23:00:00,long,42215.0,43740.66,41452.17,42144.59,timeout,-0.26678905602274905,-0.5305433559277746,42039.0,42215.0
2022-02-14 19:00:00,2022-02-14 22:00:00,short,42152.37,41179.972,42638.569,42638.569,SL,-1.253432179495484,-3.781720107113302,42152.37,42357.91
2022-02-21 08:45:00,2022-02-22 03:00:00,short,38525.0,36494.979999999996,39540.01,36494.979999999996,TP,5.169357560025968,7.005606032093186,38525.0,39151.2
2022-02-22 14:15:00,2022-02-22 14:45:00,short,37346.2,36028.45999999999,38005.07,38005.07,SL,-1.8642223305182393,-3.8461978256129004,37346.2,37755.3
2022-02-23 15:00:00,2022-02-24 02:45:00,short,38121.1,35981.13999999999,39191.08,35981.13999999999,TP,5.513584078108991,7.1495339575326105,38121.1,38798.2
2022-02-25 12:00:00,2022-02-26 00:30:00,long,38788.3,40082.94,38140.98,40082.94,TP,3.2377075045825654,7.1610037129285855,38631.4,38788.3
2022-02-28 14:15:00,2022-02-28 14:30:00,long,38360.3,39380.32000000001,37850.29,39380.32000000001,TP,2.5590511544487504,7.259885916300811,38075.0,38360.3
2022-03-01 16:45:00,2022-03-01 20:30:00,short,43284.0,41742.7,44054.65,44054.65,SL,-1.880450050827099,-4.200682340835883,43284.0,43479.0
2022-03-02 07:45:00,2022-03-02 13:15:00,long,44038.8,44871.96000000001,43622.22,43622.22,SL,-1.0459385814327407,-4.1166686940191655,43830.0,44038.8
2022-03-02 17:45:00,2022-03-03 17:45:00,short,44000.0,41014.100000000006,45492.95,42394.5,timeout,3.5488636363636363,4.098776539507935,44000.0,44173.0
2022-03-04 08:45:00,2022-03-04 14:45:00,long,41446.9,42874.16000000001,40733.27,40733.27,SL,-1.8217934272527128,-4.116310850928941,41274.2,41446.9
2022-03-05 09:45:00,2022-03-05 11:00:00,short,38892.9,38269.460000000014,39204.619999999995,39204.619999999995,SL,-0.901483047034276,-4.033984633910362,38892.9,39050.0
2022-03-08 12:30:00,2022-03-08 14:45:00,short,38303.7,36627.05999999998,39142.020000000004,39142.020000000004,SL,-2.2886136326255873,-3.953304941232154,38303.7,38878.7
2022-03-09 08:15:00,2022-03-09 08:30:00,short,41194.9,39505.700000000004,42039.5,42039.5,SL,-2.150253793552111,-3.8742388424075114,41194.9,41772.1
2022-03-09 12:45:00,2022-03-10 04:30:00,short,41679.3,39559.56000000001,42739.17,39559.56000000001,TP,4.985833975138715,7.162534996122396,41679.3,42400.0
2022-03-11 15:15:00,2022-03-12 15:15:00,short,38951.8,37755.40000000001,39550.0,38918.0,timeout,-0.013226089680058674,-0.03185758331185414,38951.8,39238.0
2022-03-12 18:00:00,2022-03-13 18:00:00,short,39117.7,38104.259999999995,39624.42,38917.4,timeout,0.4120444197894959,1.1632694710172768,39117.7,39210.4
2022-03-16 16:30:00,2022-03-16 20:00:00,short,40020.1,37954.55999999999,41052.87,41052.87,SL,-2.6806282343122683,-3.962633003235917,40020.1,40449.9
2022-03-17 05:15:00,2022-03-18 05:15:00,short,40940.0,39720.73999999999,41549.630000000005,40718.2,timeout,0.4417684416218928,1.0795889279646302,40940.0,41313.9
2022-03-19 04:00:00,2022-03-19 20:30:00,long,41778.6,42397.62,41469.09,42397.62,TP,1.3816676480303411,6.416694349058531,41650.0,41778.6
2022-03-23 13:15:00,2022-03-23 15:00:00,short,41958.0,40948.64,42462.68,42462.68,SL,-1.302821869488537,-4.033306008711663,41958.0,42321.1
2022-03-23 17:45:00,2022-03-23 22:30:00,short,41958.0,40945.240000000005,42464.38,42464.38,SL,-1.3068735402068672,-3.9526398885374294,41958.0,42321.1
2022-03-24 07:15:00,2022-03-24 14:45:00,short,42796.1,41289.659999999996,43549.32,43549.32,SL,-1.8600201887555203,-3.8735870907666814,42796.1,43137.0
2022-03-29 22:45:00,2022-03-30 01:30:00,long,47462.4,48663.14000000001,46862.03,46862.03,SL,-1.3649381405070173,-3.796115348951348,47112.0,47462.4
2022-03-30 17:45:00,2022-03-30 19:00:00,long,47463.8,48373.44,47008.98,47008.98,SL,-1.0582460738499648,-3.72019304197232,47368.0,47463.8
2022-04-01 00:15:00,2022-04-01 01:15:00,long,45779.8,47044.8,45147.3,45147.3,SL,-1.481613724830602,-3.6457891811328738,45522.0,45779.8
2022-04-01 12:45:00,2022-04-01 13:30:00,short,45070.4,44241.180000000015,45485.009999999995,45485.009999999995,SL,-1.019916397458184,-3.5728733975102167,45070.4,45297.2
2022-04-02 15:15:00,2022-04-02 18:00:00,short,46455.0,45633.56000000001,46865.719999999994,45633.56000000001,TP,1.668248842966285,5.935461965702541,46455.0,46586.8
2022-04-05 21:00:00,2022-04-05 23:45:00,long,45806.0,46697.92,45360.04,45360.04,SL,-1.0735842466052463,-3.6201251688740625,45670.1,45806.0
2022-04-09 16:30:00,2022-04-10 16:30:00,long,42453.3,42986.26000000001,42186.82,42754.8,timeout,0.6101921405403112,2.974835827060675,42354.5,42453.3
2022-04-10 22:15:00,2022-04-11 09:45:00,short,42514.8,41585.04000000001,42979.68,41585.04000000001,TP,2.086909029326246,6.30768798194226,42514.8,42710.0
2022-04-12 15:00:00,2022-04-12 19:45:00,short,40056.6,39232.83999999999,40468.48,39232.83999999999,TP,1.956490066555847,6.474043537524222,40056.6,40154.9
2022-04-13 19:15:00,2022-04-14 19:15:00,short,40833.7,39266.09999999999,41617.5,39727.4,timeout,2.6092817942042865,4.9909926941633,40833.7,41370.0
2022-04-15 08:30:00,2022-04-15 14:45:00,short,40076.7,39222.359999999986,40503.87,40503.87,SL,-1.1658811728510718,-3.9626738663103906,40076.7,40193.3
2022-04-16 22:45:00,2022-04-17 18:00:00,short,40438.8,39875.34,40720.530000000006,39875.34,TP,1.2933647882726649,6.304493768331939,40438.8,40481.9
2022-04-19 01:45:00,2022-04-19 13:45:00,short,40649.7,39259.67999999999,41344.71,41344.71,SL,-1.8097543155300093,-4.009510264350822,40649.7,40842.6
2022-04-20 07:15:00,2022-04-20 09:45:00,short,41416.4,40920.560000000005,41664.32,41664.32,SL,-0.6986034517727234,-3.929320059063805,41416.4,41524.5
2022-04-22 14:00:00,2022-04-22 14:15:00,long,40393.8,41205.500000000015,39987.95,39987.95,SL,-1.1047333996801634,-3.8507336578825293,40180.1,40393.8
2022-04-23 00:45:00,2022-04-23 16:00:00,short,39521.0,38832.36,39865.32,39865.32,SL,-0.9712330153589223,-3.773718984724879,39521.0,39639.6
2022-04-24 15:15:00,2022-04-24 16:45:00,short,39704.1,39192.780000000006,39959.759999999995,39192.780000000006,TP,1.1878266979984244,5.905087848596165,39704.1,39762.9
2022-04-27 15:45:00,2022-04-28 15:45:00,long,39100.0,40569.520000000004,38365.24,39428.2,timeout,0.7393861892583047,1.4257174854041461,38855.5,39100.0
2022-05-02 14:00:00,2022-05-03 14:00:00,short,38890.0,38025.2,39322.4,38266.1,timeout,1.504268449472876,4.772607025308605,38890.0,38993.1
2022-05-04 17:30:00,2022-05-04 18:45:00,short,38938.6,38102.079999999994,39356.86,39356.86,SL,-1.1741526403106481,-3.94031285221656,38938.6,39027.3
2022-05-06 00:45:00,2022-05-06 13:30:00,short,36238.0,35310.84,36701.58,35310.84,TP,2.4585297201832423,6.883107808810475,36238.0,36460.0
2022-05-09 09:00:00,2022-05-09 10:30:00,long,33680.0,34857.600000000006,33091.2,33091.2,SL,-1.8482185273159233,-3.9991687513484386,33340.0,33680.0
2022-05-10 02:15:00,2022-05-11 02:15:00,long,31402.3,34981.42,29612.74,31441.9,timeout,0.026105412660862998,0.017643586558315407,30786.9,31402.3
2022-05-11 13:45:00,2022-05-11 17:15:00,long,30645.1,32247.059999999998,29844.12,29844.12,SL,-2.7137294379851906,-3.9195382480526355,30247.8,30645.1
2022-05-12 10:30:00,2022-05-13 10:30:00,long,29350.0,34281.04,26884.48,30345.8,timeout,3.292844974446335,1.487964096339231,28155.0,29350.0
2022-05-13 15:45:00,2022-05-13 23:30:00,short,30324.4,29215.740000000005,30878.73,29215.740000000005,TP,3.555999788948821,7.139493979691488,30324.4,30563.2
2022-05-16 17:30:00,2022-05-17 08:30:00,long,29769.9,30757.640000000007,29276.03,30757.640000000007,TP,3.21791507529419,7.342834982606964,29586.6,29769.9
2022-05-18 07:45:00,2022-05-18 12:45:00,long,29927.5,30557.82,29612.34,29612.34,SL,-1.153078272491855,-4.160553344264336,29759.0,29927.5
2022-05-22 05:30:00,2022-05-22 09:30:00,long,29443.9,29908.600000000006,29211.55,29908.600000000006,TP,1.4782555979337124,6.778951297249962,29320.0,29443.9
2022-05-23 13:45:00,2022-05-23 14:00:00,long,30421.3,31054.719999999998,30104.59,30104.59,SL,-1.141079769766575,-4.212921303324049,30280.0,30421.3
2022-05-23 23:30:00,2022-05-24 14:00:00,long,29290.0,30243.9,28813.05,28813.05,SL,-1.7283714578354412,-4.128662877257568,29050.0,29290.0
2022-05-24 16:45:00,2022-05-24 23:00:00,short,29317.4,28524.380000000005,29713.91,29713.91,SL,-1.452473275256327,-4.046089619712417,29317.4,29375.0
2022-05-25 19:15:00,2022-05-26 12:30:00,short,29644.5,28836.08,30048.71,28836.08,TP,2.627048862352201,7.1175372326520066,29644.5,29883.7
2022-05-29 01:30:00,2022-05-29 08:15:00,short,28928.0,28457.1,29163.45,29163.45,SL,-0.9139173119469053,-4.107518571971209,28928.0,28982.4
2022-06-02 13:15:00,2022-06-02 13:30:00,short,29896.9,29244.380000000005,30223.16,30223.16,SL,-1.1912837116891666,-4.025368200531785,29896.9,29977.0
2022-06-04 02:15:00,2022-06-04 08:15:00,short,29460.5,28856.46,29762.52,29762.52,SL,-1.1251692944790497,-3.9448608365211495,29460.5,29550.0
2022-06-04 17:00:00,2022-06-05 16:00:00,short,29678.9,28995.420000000006,30020.64,30020.64,SL,-1.2514577696612676,-3.865963619790726,29678.9,29773.0
2022-06-06 07:45:00,2022-06-06 09:00:00,short,31029.4,30091.879999999997,31498.160000000003,31498.160000000003,SL,-1.6106963073730143,-3.7886443473949116,31029.4,31292.0
2022-06-06 15:00:00,2022-06-07 00:15:00,short,31448.6,30879.479999999996,31733.16,30879.479999999996,TP,1.7096831019504926,6.317248315895806,31448.6,31532.4
2022-06-08 18:45:00,2022-06-09 18:45:00,long,30237.5,30977.4,29867.55,30138.3,timeout,-0.4280694501860297,-1.2417643635530529,30119.8,30237.5
2022-06-10 03:45:00,2022-06-10 13:15:00,short,30090.0,29448.5,30410.75,29448.5,TP,2.03193752077102,6.647334319056967,30090.0,30193.0
2022-06-12 00:15:00,2022-06-12 01:15:00,long,28522.3,29014.44,28276.23,28276.23,SL,-0.9627284615897024,-3.9473278258750075,28435.0,28522.3
2022-06-12 14:45:00,2022-06-12 15:15:00,long,27515.0,28042.1,27251.45,28042.1,TP,1.8156823550790422,6.639703353037875,27442.8,27515.0
2022-06-12 19:15:00,2022-06-12 23:30:00,long,27515.0,28993.0,26776.0,26776.0,SL,-2.7858077412320554,-4.001175336418265,27442.8,27515.0
2022-06-15 12:30:00,2022-06-15 13:15:00,short,21180.0,20242.759999999995,21648.620000000003,21648.620000000003,SL,-2.3125590179414663,-3.9211518296898995,21180.0,21390.0
2022-06-15 14:30:00,2022-06-15 16:00:00,short,21180.0,20513.719999999994,21513.140000000003,21513.140000000003,SL,-1.672898961284245,-3.8427287930961014,21180.0,21390.0
2022-06-16 01:45:00,2022-06-16 20:30:00,short,22188.4,20495.500000000007,23034.85,20495.500000000007,TP,7.529662346090723,7.243163252826563,22188.4,22578.2
2022-06-18 00:45:00,2022-06-18 06:45:00,short,20563.5,20120.92,20784.79,20120.92,TP,2.0522600724584907,6.823948153304121,20563.5,20698.4
2022-06-20 15:15:00,2022-06-21 06:00:00,short,20575.8,19442.399999999998,21142.5,21142.5,SL,-2.854206397807136,-4.047216445356793,20575.8,20800.0
2022-06-22 12:00:00,2022-06-22 13:45:00,short,20443.5,19924.54,20702.98,20702.98,SL,-1.3692542862034367,-3.9662721164496566,20443.5,20549.9
2022-06-22 23:00:00,2022-06-23 23:00:00,long,20344.8,21619.179999999997,19707.61,21062.9,timeout,3.4296488537611682,4.124705268816818,20023.1,20344.8
2022-06-26 14:30:00,2022-06-26 15:00:00,long,21440.3,21828.56,21246.17,21246.17,SL,-1.0054444200874102,-3.969440779497,21386.4,21440.3
2022-06-27 04:30:00,2022-06-27 13:30:00,long,21259.2,21828.280000000002,20974.66,20974.66,SL,-1.438432302250324,-3.8900519639070605,21155.0,21259.2
2022-06-27 18:15:00,2022-06-28 18:00:00,long,20871.0,21677.0,20468.0,20468.0,SL,-2.030908916678645,-3.812250924628919,20705.0,20871.0
2022-06-29 00:15:00,2022-06-29 05:45:00,long,20314.4,20696.100000000006,20123.55,20123.55,SL,-1.0394813531288256,-3.736005906136341,20209.1,20314.4
2022-06-29 11:30:00,2022-06-30 06:15:00,long,20148.0,20851.559999999998,19796.22,19796.22,SL,-1.8459797498510961,-3.661285788013614,19901.1,20148.0
2022-07-04 15:45:00,2022-07-04 22:45:00,short,19572.8,18367.62,20175.39,20175.39,SL,-3.178711272786725,-3.5880600722533416,19572.8,19838.0
2022-07-06 13:45:00,2022-07-06 18:30:00,short,20128.2,19576.24,20404.18,20404.18,SL,-1.471111177353164,-3.5162988708082747,20128.2,20225.0
2022-07-07 02:45:00,2022-07-07 08:45:00,short,20305.9,19826.340000000004,20545.68,20545.68,SL,-1.28083906647821,-3.44597289339211,20305.9,20441.0
2022-07-08 14:30:00,2022-07-09 14:30:00,long,21694.2,22782.180000000004,21150.21,21599.4,timeout,-0.536983156788447,-0.6954536441510077,21421.0,21694.2
2022-07-10 10:45:00,2022-07-10 14:15:00,short,21261.6,20893.839999999997,21445.48,20893.839999999997,TP,1.6296910862776182,5.680584243391944,21261.6,21322.0
2022-07-10 22:45:00,2022-07-11 01:15:00,long,20826.5,21169.6,20654.95,20654.95,SL,-0.923710176938032,-3.476756047509086,20742.7,20826.5
2022-07-11 17:00:00,2022-07-11 22:30:00,short,20557.2,20050.800000000007,20810.399999999998,20050.800000000007,TP,2.363370497927705,6.046868375253583,20557.2,20585.0
2022-07-15 17:15:00,2022-07-15 19:30:00,long,20862.0,21190.380000000005,20697.809999999998,21190.380000000005,TP,1.4740580960598442,5.863066501707458,20755.7,20862.0
2022-07-15 20:45:00,2022-07-16 16:00:00,short,20910.0,20377.9,21176.05,21176.05,SL,-1.3723577235772322,-3.6454196240981243,20910.0,21030.0
2022-07-18 03:00:00,2022-07-18 07:00:00,long,21279.8,22380.3,20729.55,22380.3,TP,5.071571161383096,6.745975950662662,21154.0,21279.8
2022-07-18 23:15:00,2022-07-19 00:00:00,long,22148.8,22866.039999999997,21790.18,22866.039999999997,TP,3.138279274723678,6.767892982229375,21988.0,22148.8
2022-07-19 08:45:00,2022-07-19 15:30:00,long,22093.5,23186.78,21546.86,23186.78,TP,4.848423744540244,7.237736623004047,21800.0,22093.5
2022-07-19 23:30:00,2022-07-20 07:00:00,short,23281.0,22148.14,23847.43,23847.43,SL,-2.5330140457884123,-3.987543342734084,23281.0,23438.0
2022-07-20 12:30:00,2022-07-20 13:30:00,short,23627.9,22877.160000000003,24003.27,24003.27,SL,-1.6886727131907575,-3.9077924758794023,23627.9,23810.8
2022-07-20 16:45:00,2022-07-21 02:45:00,short,23627.9,22858.380000000005,24012.66,22858.380000000005,TP,3.1568277333152617,6.994564984599023,23627.9,23810.8
2022-07-21 16:15:00,2022-07-22 16:15:00,long,22901.6,23996.58,22354.109999999997,23164.3,timeout,1.047081426625217,1.6688297047555023,22652.6,22901.6
2022-07-23 07:30:00,2022-07-23 08:45:00,long,22803.8,23136.84,22637.28,22637.28,SL,-0.8302291723309293,-4.002904520148905,22720.0,22803.8
2022-07-23 16:15:00,2022-07-23 17:45:00,long,22297.8,22875.66,22008.87,22008.87,SL,-1.395778058821948,-3.9228464297459267,22204.2,22297.8
2022-07-23 19:45:00,2022-07-24 15:00:00,long,22297.8,22903.38,21995.01,22903.38,TP,2.6158733148561817,6.897717988458082,22204.2,22297.8
2022-07-25 20:00:00,2022-07-25 22:30:00,long,21922.4,22706.000000000007,21530.6,21530.6,SL,-1.8872130788599923,-3.982343860920169,21786.8,21922.4
2022-07-26 12:00:00,2022-07-26 13:00:00,long,21079.1,21437.339999999997,20899.98,20899.98,SL,-0.9497516497383618,-3.9026969837017664,21000.0,21079.1
2022-07-28 12:45:00,2022-07-28 15:45:00,long,22995.1,23917.92,22533.69,23917.92,TP,3.9131158377219486,7.104609436663545,22904.1,22995.1
2022-07-28 23:15:00,2022-07-29 06:30:00,short,23747.4,22779.880000000005,24231.16,24231.16,SL,-2.1371072201588315,-3.966735232761002,23747.4,23928.0
2022-07-29 15:00:00,2022-07-29 16:15:00,short,24034.9,23614.020000000004,24245.34,23614.020000000004,TP,1.6511202459756327,6.579364577258334,24034.9,24091.8
2022-07-29 18:00:00,2022-07-30 04:15:00,short,24034.9,23626.740000000005,24238.98,23626.740000000005,TP,1.5981972048978617,6.76761622376355,24034.9,24091.8
2022-07-31 10:15:00,2022-07-31 14:30:00,long,23788.0,24156.0,23604.0,23604.0,SL,-0.8734992433159576,-4.15434014412622,23722.2,23788.0
2022-07-31 19:00:00,2022-07-31 22:15:00,long,23716.2,24567.320000000003,23290.64,23290.64,SL,-1.8943852725141521,-4.071253341243695,23665.0,23716.2
2022-08-01 20:30:00,2022-08-02 02:30:00,long,23071.4,23477.180000000008,22868.51,22868.51,SL,-0.9794004698457963,-3.9898282744188203,22966.0,23071.4
2022-08-02 15:15:00,2022-08-02 16:15:00,short,22843.8,22205.420000000002,23162.989999999998,23162.989999999998,SL,-1.4972719074759833,-3.910031708930444,22843.8,22939.3
2022-08-06 10:15:00,2022-08-06 17:00:00,long,23221.8,23522.279999999995,23071.56,23071.56,SL,-0.7469782704183051,-3.831831074751836,23169.0,23221.8
2022-08-08 20:00:00,2022-08-08 21:15:00,long,24003.5,24494.0,23758.25,23758.25,SL,-1.1217259982919157,-3.755194453256799,23883.8,24003.5
2022-08-09 02:30:00,2022-08-09 09:30:00,long,23825.4,24271.700000000004,23602.25,23602.25,SL,-1.0366054714716288,-3.680090564191663,23682.6,23825.4
2022-08-11 08:00:00,2022-08-11 12:30:00,short,24125.1,22792.299999999996,24791.5,24791.5,SL,-2.8622683429291547,-3.60648875290783,24125.1,24448.0
2022-08-12 10:15:00,2022-08-12 18:30:00,short,23881.9,23304.800000000003,24170.45,24170.45,SL,-1.3082372005577416,-3.534358977849673,23881.9,23974.9
2022-08-17 01:45:00,2022-08-17 03:00:00,short,23888.4,23573.64,24045.780000000002,24045.780000000002,SL,-0.7588134826945337,-3.4636717982926797,23888.4,23976.6
2022-08-17 07:45:00,2022-08-17 12:15:00,short,23888.4,23543.880000000005,24060.66,23543.880000000005,TP,1.342206259104824,5.548612060818381,23888.4,23976.6
2022-08-23 16:00:00,2022-08-23 20:15:00,short,21439.0,21065.86,21625.57,21625.57,SL,-0.9702364849106755,-3.505370603543194,21439.0,21486.0
2022-08-31 06:15:00,2022-08-31 15:00:00,short,20319.1,19931.379999999997,20512.96,19931.379999999997,TP,1.808155380897782,5.89281955281261,20319.1,20424.1
2022-09-01 11:45:00,2022-09-01 14:00:00,long,20130.6,20716.319999999992,19837.74,19837.74,SL,-1.5548001549879138,-3.5531195825285824,20022.5,20130.6
2022-09-02 06:15:00,2022-09-02 12:30:00,short,20045.0,19557.08,20288.96,20288.96,SL,-1.3170616113744031,-3.482057190878011,20045.0,20112.6
2022-09-04 14:00:00,2022-09-04 17:00:00,short,19634.4,19010.420000000006,19946.39,19946.39,SL,-1.6889968626492176,-3.4124160470604505,19634.4,19740.0
2022-09-08 13:45:00,2022-09-09 03:15:00,long,19259.5,19804.980000000003,18986.76,19804.980000000003,TP,2.732264596692558,6.0266185829850105,19176.5,19259.5
2022-09-10 00:30:00,2022-09-10 21:45:00,short,21193.3,20162.819999999996,21708.54,21708.54,SL,-2.531145692270678,-3.464700097778942,21193.3,21290.0
2022-09-12 15:45:00,2022-09-12 20:00:00,short,22152.0,21521.58,22467.21,22467.21,SL,-1.5229414951245899,-3.395406095823363,22152.0,22277.7
2022-09-13 04:30:00,2022-09-13 12:30:00,long,22395.9,22848.840000000004,22169.43,22169.43,SL,-1.11121187360187,-3.3274979739068953,22281.8,22395.9
2022-09-14 12:45:00,2022-09-14 18:00:00,long,20260.0,20725.019999999997,20027.49,20027.49,SL,-1.2476307996051255,-3.260948014428757,20222.0,20260.0
2022-09-16 00:45:00,2022-09-16 13:45:00,long,19766.5,20210.199999999997,19544.65,19544.65,SL,-1.2223534768421245,-3.195729054140183,19684.7,19766.5
2022-09-16 20:30:00,2022-09-17 20:30:00,long,19764.5,20743.08,19275.21,20071.4,timeout,1.4527840319765308,1.766520312910641,19635.7,19764.5
2022-09-18 15:15:00,2022-09-18 16:00:00,long,19992.4,20588.200000000004,19694.5,19694.5,SL,-1.59006622516557,-3.167144879315592,19805.0,19992.4
2022-09-21 06:00:00,2022-09-21 10:45:00,short,18961.2,18617.16,19133.22,19133.22,SL,-1.0072210619581061,-3.10380198172928,18961.2,19009.2
2022-09-22 21:15:00,2022-09-22 23:00:00,short,19132.0,18392.04,19501.98,19501.98,SL,-2.033828141333889,-3.0417259420946943,19132.0,19255.8
2022-09-25 15:15:00,2022-09-26 08:45:00,short,19001.0,18587.4,19207.8,19207.8,SL,-1.1883637703278735,-2.9808914232528,19001.0,19045.5
2022-09-26 11:30:00,2022-09-26 13:30:00,long,18832.5,19179.260000000002,18659.12,19179.260000000002,TP,1.7412850126111883,4.9838899486493276,18744.1,18832.5
2022-09-29 17:45:00,2022-09-30 00:30:00,short,19367.4,18762.300000000003,19669.95,19669.95,SL,-1.662161157408838,-3.020951393760731,19367.4,19460.7
2022-10-02 07:00:00,2022-10-02 10:15:00,short,19295.2,19093.38,19396.11,19093.38,TP,0.9459596168995381,4.495401014072439,19295.2,19316.5
2022-10-03 06:30:00,2022-10-03 13:00:00,short,19159.9,18841.1,19319.300000000003,19319.300000000003,SL,-0.9319458869827161,-3.0504403861669642,19159.9,19220.0
2022-10-04 00:45:00,2022-10-04 06:30:00,short,19567.9,19229.440000000002,19737.13,19737.13,SL,-0.9648347548791621,-2.989431578443625,19567.9,19626.7
2022-10-06 06:15:00,2022-10-07 06:15:00,short,20154.0,19607.519999999997,20427.24,19820.0,timeout,1.55723925771559,3.1338634065619906,20154.0,20264.5
2022-10-11 15:00:00,2022-10-12 15:00:00,long,19082.2,19583.220000000005,18831.69,19098.7,timeout,-0.013531982685434601,-0.02866095257647818,19025.4,19082.2
2022-10-23 21:30:00,2022-10-23 22:00:00,short,19230.0,18415.32,19637.34,19637.34,SL,-2.218252730109205,-2.991746995954463,19230.0,19496.6
2022-10-27 04:00:00,2022-10-27 09:30:00,long,20752.0,21169.339999999997,20543.33,20543.33,SL,-1.1055416345412405,-2.931912056035374,20729.2,20752.0
2022-10-29 23:45:00,2022-10-30 09:45:00,long,20974.9,21546.980000000003,20688.86,20688.86,SL,-1.4637252144229573,-2.8732738149146666,20766.8,20974.9
2022-11-02 18:30:00,2022-11-02 21:15:00,long,20415.0,21072.04,20086.48,20086.48,SL,-1.7092089150134728,-2.8158083386163737,20372.2,20415.0
2022-11-07 06:30:00,2022-11-07 07:30:00,long,20895.0,21223.6,20730.7,20730.7,SL,-0.8863125149557276,-2.7594921718440464,20831.5,20895.0
2022-11-08 17:15:00,2022-11-08 17:45:00,long,19710.5,20178.620000000003,19476.44,19476.44,SL,-1.2874889018543483,-2.7043023284071657,19637.7,19710.5
2022-11-14 07:00:00,2022-11-15 07:00:00,long,16534.3,17283.12,16159.89,16841.0,timeout,1.7549318689028308,1.967036896486838,16455.0,16534.3
2022-11-15 07:30:00,2022-11-15 08:15:00,short,16807.2,16529.960000000003,16945.82,16945.82,SL,-0.9247655766576167,-2.6895570197687593,16807.2,16867.2
2022-11-15 19:15:00,2022-11-16 19:15:00,short,16769.9,16012.300000000003,17148.7,16512.1,timeout,1.4372780994520118,1.6060345174947932,16769.9,16863.0
2022-11-17 15:15:00,2022-11-18 00:00:00,long,16552.3,16834.879999999994,16411.010000000002,16834.879999999994,TP,1.6071947705152425,4.496460885354379,16513.1,16552.3
2022-11-23 07:45:00,2022-11-23 10:45:00,short,16450.0,15997.660000000003,16676.17,16676.17,SL,-1.474893617021266,-2.7578157874303675,16450.0,16583.0
2022-11-26 14:45:00,2022-11-27 14:45:00,short,16574.2,16344.820000000003,16688.89,16531.1,timeout,0.1600427169938952,0.5461519943285574,16574.2,16628.0
2022-11-28 15:15:00,2022-11-28 16:45:00,short,16183.9,15927.78,16311.96,16311.96,SL,-0.8912802229376078,-2.7135825115683314,16183.9,16224.5
2022-11-29 20:15:00,2022-11-30 00:30:00,long,16468.0,16705.0,16349.5,16705.0,TP,1.3391547243138207,4.345201402349917,16423.0,16468.0
2022-11-30 18:45:00,2022-11-30 22:45:00,long,16871.4,17219.700000000004,16697.25,17219.700000000004,TP,1.9644404139549942,4.76477586326811,16821.8,16871.4
2022-12-01 14:15:00,2022-12-02 14:15:00,short,17072.3,16466.66,17375.12,16885.4,timeout,0.9947558325474473,1.5085301424489241,17072.3,17102.4
2022-12-06 11:30:00,2022-12-07 07:00:00,long,16979.8,17155.61999999999,16891.890000000003,16891.890000000003,SL,-0.6177328354868503,-2.8716810094983045,16960.0,16979.8
2022-12-08 12:45:00,2022-12-08 14:45:00,short,16811.0,16680.740000000005,16876.129999999997,16876.129999999997,SL,-0.48742490036284214,-2.8142473893083384,16811.0,16831.5
2022-12-13 07:30:00,2022-12-13 09:45:00,long,17142.8,17287.44,17070.48,17287.44,TP,0.7437361457871493,3.93048830350984,17122.0,17142.8
2022-12-16 00:45:00,2022-12-16 08:45:00,long,17398.2,17701.400000000005,17246.6,17246.6,SL,-0.9713545079376152,-2.8365722075923676,17370.4,17398.2
2022-12-16 14:30:00,2022-12-16 16:00:00,long,17029.2,17381.680000000004,16852.96,16852.96,SL,-1.1349282409038688,-2.779840763440521,16967.8,17029.2
2022-12-18 23:30:00,2022-12-19 22:30:00,short,16704.1,16345.419999999998,16883.44,16345.419999999998,TP,2.0472572601936068,4.752123506882248,16704.1,16785.4
2022-12-20 16:15:00,2022-12-21 16:15:00,long,16788.6,17058.799999999996,16653.5,16826.4,timeout,0.12515278224511225,0.3900039545408541,16756.4,16788.6
2022-12-23 13:45:00,2022-12-24 13:45:00,long,16824.9,17148.700000000004,16663.0,16809.8,timeout,-0.18974793312294386,-0.504990931430686,16810.2,16824.9
2023-01-05 14:15:00,2023-01-06 11:00:00,long,16801.1,16935.01999999999,16734.140000000003,16734.140000000003,SL,-0.4985453333412425,-2.8169866787715585,16782.6,16801.1
2023-01-06 16:15:00,2023-01-07 16:15:00,long,16803.2,17104.960000000003,16652.32,16918.8,timeout,0.5879641972957446,1.6265379245812763,16790.0,16803.2
2023-01-09 20:15:00,2023-01-10 15:00:00,short,17237.7,17049.56,17331.77,17331.77,SL,-0.6457224571723589,-2.7931777036877525,17237.7,17270.0
2023-01-12 13:45:00,2023-01-12 17:30:00,long,18158.3,18754.319999999996,17860.29,18754.319999999996,TP,3.1823557271330287,5.002996846711065,18110.4,18158.3
2023-01-14 17:15:00,2023-01-15 17:15:00,short,20910.7,20112.900000000005,21309.6,21002.7,timeout,-0.539966141736049,-0.7631294158867833,20910.7,21032.5
2023-01-17 16:15:00,2023-01-18 14:00:00,long,21161.6,21487.339999999997,20998.73,21487.339999999997,TP,1.439297595644932,4.670688103307488,21091.5,21161.6
2023-01-22 15:30:00,2023-01-22 20:00:00,long,22800.5,23225.560000000005,22587.969999999998,22587.969999999998,SL,-1.032128681388577,-2.915525260296633,22720.5,22800.5
2023-01-23 08:45:00,2023-01-23 14:45:00,long,22753.5,23102.260000000002,22579.12,22579.12,SL,-0.8663875887226187,-2.8572147550907006,22690.0,22753.5
2023-01-24 15:45:00,2023-01-24 22:15:00,long,22950.0,23534.399999999994,22657.800000000003,22657.800000000003,SL,-1.3732026143790723,-2.800070459988887,22878.1,22950.0
2023-02-01 00:45:00,2023-02-01 19:45:00,short,23100.2,22569.540000000005,23365.53,23365.53,SL,-1.2486047739846327,-2.744069050789109,23100.2,23124.5
2023-02-10 06:30:00,2023-02-10 15:45:00,long,21910.0,22586.72,21571.64,21571.64,SL,-1.644317663167506,-2.6891876697733266,21822.9,21910.0
2023-02-13 18:30:00,2023-02-14 14:45:00,long,21640.1,22238.659999999996,21340.82,22238.659999999996,TP,2.6659761276518945,4.737680699639327,21556.4,21640.1
2023-02-16 16:00:00,2023-02-16 22:15:00,long,24729.9,25503.280000000006,24343.21,24343.21,SL,-1.6636537147339951,-2.7301575303706462,24578.0,24729.9
2023-02-18 08:45:00,2023-02-19 08:45:00,long,24629.4,25054.100000000006,24417.05,24565.5,timeout,-0.3594460279178602,-0.9995182024590026,24552.0,24629.4
2023-02-20 03:30:00,2023-02-21 03:30:00,long,24514.0,25222.339999999997,24159.83,24933.7,timeout,1.6120828914089935,2.7712861412522867,24370.0,24514.0
2023-02-21 14:45:00,2023-02-21 15:15:00,long,24812.0,25519.620000000003,24458.19,24458.19,SL,-1.5259632435918158,-2.7109897385390997,24619.0,24812.0
2023-02-24 13:45:00,2023-02-24 16:00:00,short,23741.5,23134.440000000002,24045.03,23134.440000000002,TP,2.4569572267969493,4.735343769451415,23741.5,23842.0
2023-02-27 20:30:00,2023-02-28 20:30:00,long,23603.9,24670.600000000006,23070.55,23292.4,timeout,-1.4196971686882252,-1.6554882062217677,23181.4,23603.9
2023-03-02 19:45:00,2023-03-03 01:15:00,long,23463.3,23924.48,23232.71,23232.71,SL,-1.0827688347333928,-2.7183670550329104,23413.9,23463.3
2023-03-03 14:00:00,2023-03-04 14:00:00,long,22372.2,22936.300000000007,22090.149999999998,22339.1,timeout,-0.24795147549191487,-0.4854374120257889,22327.2,22372.2
2023-03-14 02:30:00,2023-03-14 05:00:00,short,24165.0,23441.5,24526.75,24526.75,SL,-1.5969997930891786,-2.654290965691737,24165.0,24350.0
2023-03-15 13:00:00,2023-03-15 15:45:00,long,24785.3,25605.48,24375.21,24375.21,SL,-1.7545694423710834,-2.6012051463779025,24684.0,24785.3
2023-03-15 18:30:00,2023-03-15 19:45:00,long,24523.2,25195.220000000005,24187.19,24187.19,SL,-1.4701719188360491,-2.549181043450344,24303.0,24523.2
2023-03-15 20:45:00,2023-03-16 20:45:00,long,24523.2,25881.7,23843.95,24680.6,timeout,0.5418411952763009,0.47167536257540127,24303.0,24523.2
2023-03-16 21:15:00,2023-03-17 01:15:00,short,24791.5,23973.559999999998,25200.47,25200.47,SL,-1.7496379807595392,-2.507630929832845,24791.5,24899.0
2023-03-18 08:30:00,2023-03-18 16:30:00,long,27330.0,27930.760000000002,27029.62,27029.62,SL,-1.1990852542993085,-2.4574783112361884,27150.0,27330.0
2023-03-18 16:45:00,2023-03-19 15:45:00,short,27376.6,26774.91999999999,27677.440000000002,27677.440000000002,SL,-1.198894676475544,-2.4083287450114645,27376.6,27565.2
2023-03-20 07:45:00,2023-03-20 16:15:00,long,28156.0,29455.9,27506.05,27506.05,SL,-2.408388975706779,-2.360162170111235,27880.0,28156.0
2023-03-21 14:15:00,2023-03-21 16:00:00,short,27820.8,27213.84,28124.28,28124.28,SL,-1.1908385093167686,-2.3129589267090105,27820.8,27937.9
2023-03-22 18:45:00,2023-03-22 19:30:00,short,28316.4,27051.000000000007,28949.1,27051.000000000007,TP,4.368788405305738,4.242099113715199,28316.4,28490.0
2023-03-25 10:45:00,2023-03-25 19:00:00,long,27509.3,27945.499999999996,27291.2,27291.2,SL,-0.8928227908380021,-2.351541730449134,27429.0,27509.3
2023-03-27 11:45:00,2023-03-27 14:00:00,short,27859.1,27583.5,27996.899999999998,27583.5,TP,0.8892638312077511,3.4463642709349784,27859.1,27925.0
2023-03-28 01:30:00,2023-03-28 10:15:00,long,27053.8,27593.06,26784.17,26784.17,SL,-1.09664372472629,-2.373438181258851,26930.0,27053.8
2023-03-28 12:15:00,2023-03-28 17:15:00,short,27055.1,26734.639999999992,27215.33,26734.639999999992,TP,1.084471689256393,3.643914141508693,27055.1,27109.6
2023-03-30 03:15:00,2023-03-30 17:30:00,long,28396.2,29240.900000000005,27973.85,27973.85,SL,-1.587346898528684,-2.398847700463848,28272.0,28396.2
2023-04-01 06:45:00,2023-04-01 12:00:00,long,28444.4,28695.780000000006,28318.71,28318.71,SL,-0.541879596686878,-2.350870746454571,28401.0,28444.4
2023-04-01 16:15:00,2023-04-02 12:30:00,long,28475.0,28937.18,28243.91,28243.91,SL,-0.9115539947322217,-2.3038533315254797,28388.0,28475.0
2023-04-02 20:15:00,2023-04-03 01:30:00,long,28122.2,28786.16,27790.22,27790.22,SL,-1.2804908577565042,-2.25777626489497,27934.7,28122.2
2023-04-05 13:00:00,2023-04-05 14:00:00,long,28523.0,29052.219999999994,28258.390000000003,28258.390000000003,SL,-1.0277074641517263,-2.2126207395970705,28441.2,28523.0
2023-04-11 14:45:00,2023-04-11 19:15:00,short,30021.0,29544.08,30259.46,30259.46,SL,-0.8943106492122151,-2.168368324805129,30021.0,30099.0
2023-04-13 20:15:00,2023-04-14 00:30:00,short,30163.7,29122.420000000002,30684.34,30684.34,SL,-1.8260481970050073,-2.125000958309027,30163.7,30313.6
2023-04-14 07:45:00,2023-04-14 16:45:00,short,30722.2,30004.720000000005,31080.94,30004.720000000005,TP,2.235379627761019,3.6721760506248713,30722.2,30835.4
2023-04-26 06:15:00,2023-04-26 08:15:00,short,28250.1,27531.28,28609.51,28609.51,SL,-1.372243284094569,-2.1559444601553435,28250.1,28460.0
2023-05-08 15:30:00,2023-05-08 18:00:00,short,27884.7,27469.420000000002,28092.34,27469.420000000002,TP,1.3892754808192262,3.475213834925646,27884.7,27923.5
2023-05-09 17:00:00,2023-05-10 12:45:00,long,27634.2,28143.600000000002,27379.5,28143.600000000002,TP,1.7433680005210985,3.7238559300196066,27570.0,27634.2
2023-05-11 09:45:00,2023-05-11 13:45:00,long,27495.8,28091.179999999997,27198.11,27198.11,SL,-1.1826744448242956,-2.256806966251142,27382.4,27495.8
2023-05-13 23:45:00,2023-05-14 15:00:00,short,26782.1,26183.999999999993,27081.15,27081.15,SL,-1.2166040004331362,-2.211670826926119,26782.1,26825.2
2023-05-17 17:45:00,2023-05-18 17:30:00,long,26981.4,27699.640000000007,26622.28,26622.28,SL,-1.430990978970708,-2.1674374103875964,26924.0,26981.4
2023-05-19 16:00:00,2023-05-20 16:00:00,long,26849.5,27194.019999999997,26677.24,26926.7,timeout,0.18752863181809987,0.5371362299894714,26820.8,26849.5
2023-05-23 21:15:00,2023-05-24 03:00:00,long,27300.0,27757.6,27071.2,27071.2,SL,-0.9380952380952354,-2.134831386779634,27179.0,27300.0
2023-05-25 15:45:00,2023-05-25 17:30:00,short,26220.8,25944.999999999996,26358.7,26358.7,SL,-0.6259183548938303,-2.092134759044041,26220.8,26256.8
2023-05-28 11:30:00,2023-05-28 17:30:00,short,27187.7,26745.7,27408.7,27408.7,SL,-0.9128675835028341,-2.0502920638631603,27187.7,27219.0
2023-05-29 11:30:00,2023-05-29 14:45:00,long,27948.3,28414.099999999995,27715.4,27715.4,SL,-0.9333243882454313,-2.009286222585897,27861.3,27948.3
2023-06-01 19:45:00,2023-06-02 00:30:00,long,26902.2,27489.260000000006,26608.67,26608.67,SL,-1.1911003561047142,-1.9691004981341789,26791.7,26902.2
2023-06-02 12:45:00,2023-06-02 19:30:00,short,27101.7,26752.24,27276.43,27276.43,SL,-0.7447197039300102,-1.9297184881714955,27101.7,27168.0
2023-06-05 11:45:00,2023-06-05 12:45:00,long,26832.0,27225.6,26635.2,26635.2,SL,-0.8334525939177075,-1.8911241184080654,26752.5,26832.0
2023-06-07 03:15:00,2023-06-08 03:15:00,short,26858.0,25739.939999999995,27417.030000000002,26232.9,timeout,2.2274257204557246,1.8923802456233558,26858.0,26953.7
2023-06-08 08:00:00,2023-06-08 12:30:00,short,26366.5,26052.300000000003,26523.6,26523.6,SL,-0.6958318320596156,-1.8911492409523711,26366.5,26457.0
2023-06-08 14:15:00,2023-06-08 15:45:00,long,26432.4,26766.120000000003,26265.54,26766.120000000003,TP,1.1625414264312024,2.94633507196452,26374.1,26432.4
2023-06-09 14:45:00,2023-06-10 04:15:00,short,26587.9,26191.9,26785.9,26191.9,TP,1.3893993132214277,3.1453581461339204,26587.9,26639.2
2023-06-10 17:15:00,2023-06-10 18:15:00,long,25657.2,26346.600000000002,25312.5,25312.5,SL,-1.4434825312193096,-1.9751601204952927,25589.8,25657.2
2023-06-12 18:30:00,2023-06-13 12:30:00,long,25844.2,26284.760000000006,25623.92,26284.760000000006,TP,1.6046764844723571,3.2615545619216526,25773.1,25844.2
2023-06-15 11:30:00,2023-06-15 19:00:00,long,24979.0,25417.120000000003,24759.94,25417.120000000003,TP,1.6539533207894734,3.3873637945576447,24889.5,24979.0
2023-06-17 20:15:00,2023-06-18 20:15:00,long,26547.2,27113.500000000004,26264.05,26453.0,timeout,-0.45483968177435186,-0.8065359277090968,26491.4,26547.2
2023-06-20 15:00:00,2023-06-20 15:45:00,long,26763.2,27043.02,26623.29,27043.02,TP,0.9455401446762709,3.1162792676001083,26726.7,26763.2
2023-06-21 10:45:00,2023-06-21 13:45:00,short,28808.3,27905.88,29259.51,29259.51,SL,-1.6662500043390243,-2.114830152012793,28808.3,28986.9
2023-06-22 16:15:00,2023-06-23 14:45:00,short,30082.9,29571.260000000002,30338.72,30338.72,SL,-0.9503834404262876,-2.072533548972537,30082.9,30140.6
2023-06-26 07:00:00,2023-06-27 07:00:00,long,30490.2,31699.100000000002,29885.75,30345.1,timeout,-0.5758906140333687,-0.5616879333886651,30448.6,30490.2
2023-06-28 14:00:00,2023-06-28 19:30:00,long,30242.8,30778.84,29974.78,29974.78,SL,-0.9862274657108483,-2.019849119325313,30127.0,30242.8
2023-07-02 02:30:00,2023-07-02 15:15:00,long,30600.9,30910.660000000003,30446.02,30446.02,SL,-0.6061289047054205,-1.9794521369388065,30541.2,30600.9
2023-07-03 21:15:00,2023-07-04 01:30:00,short,30931.7,30202.780000000002,31296.16,31296.16,SL,-1.278273421764724,-1.9398630942000303,30931.7,31089.0
2023-07-04 16:30:00,2023-07-04 19:15:00,short,30992.0,30643.839999999997,31166.08,30643.839999999997,TP,1.0233866804336715,2.9402222044160684,30992.0,31078.5
2023-07-06 02:00:00,2023-07-06 08:30:00,long,30517.8,30964.8,30294.3,30964.8,TP,1.3647189509073394,3.213361758236991,30410.0,30517.8
2023-07-07 12:45:00,2023-07-07 14:00:00,short,30063.7,29388.320000000003,30401.39,30401.39,SL,-1.2232483027704462,-2.0241375115690907,30063.7,30270.9
2023-07-11 14:30:00,2023-07-12 14:30:00,long,30497.7,31014.02,30239.54,30777.8,timeout,0.8184299143869818,1.7152661814870716,30454.4,30497.7
2023-07-12 15:00:00,2023-07-13 15:00:00,short,30708.4,30102.340000000004,31011.43,30537.8,timeout,0.4555483190267229,0.8458591070797906,30708.4,30797.9
2023-07-14 03:45:00,2023-07-14 17:15:00,short,31394.7,30862.680000000004,31660.71,30862.680000000004,TP,1.5946172443119275,3.4253360565910542,31394.7,31469.2
2023-07-17 00:15:00,2023-07-17 10:15:00,long,30284.0,30656.68,30097.66,30097.66,SL,-0.7153084136837939,-2.103383988240867,30221.3,30284.0
2023-07-18 18:00:00,2023-07-19 18:00:00,long,29867.4,30889.58,29356.31,29948.1,timeout,0.1701942586231044,0.19369744712288545,29744.0,29867.4
2023-08-01 15:45:00,2023-08-01 23:45:00,long,28865.2,29564.56,28515.52,29564.56,TP,2.322848274046258,3.6579497735271,28808.0,28865.2
2023-08-04 04:45:00,2023-08-04 18:15:00,long,29211.5,29494.160000000003,29070.17,29070.17,SL,-0.5838163052222644,-2.1383492528890495,29161.0,29211.5
2023-08-08 06:00:00,2023-08-08 11:00:00,short,29177.0,28851.0,29340.0,29340.0,SL,-0.658659217877095,-2.0955822678312686,29177.0,29254.8
2023-08-21 14:00:00,2023-08-21 15:15:00,long,26094.8,26367.52,25958.44,25958.44,SL,-0.6225562180970944,-2.0536706224746433,26064.9,26094.8
2023-09-03 13:45:00,2023-09-03 16:30:00,long,25887.7,26076.140000000003,25793.48,25793.48,SL,-0.46395662805116394,-2.0125972100251506,25864.2,25887.7
2023-09-05 04:00:00,2023-09-06 04:00:00,long,25760.8,26248.919999999995,25516.74,25760.6,timeout,-0.10077637340455549,-0.18976913928437836,25654.3,25760.8
2023-09-10 20:00:00,2023-09-11 14:00:00,long,25779.1,26361.159999999996,25488.07,25488.07,SL,-1.2289377829326813,-1.9685498830389603,25727.1,25779.1
2023-09-12 23:45:00,2023-09-13 23:45:00,short,25805.0,24179.0,26618.0,26209.9,timeout,-1.6690757605115343,-0.990584214241465,25805.0,25865.0
2023-09-14 18:45:00,2023-09-15 18:45:00,short,26624.4,26067.22,26902.99,26333.5,timeout,0.9926067817490777,1.653261322825098,26624.4,26735.0
2023-09-17 16:30:00,2023-09-18 02:15:00,short,26505.1,26273.92,26620.69,26620.69,SL,-0.5361047496519543,-1.9424324275498535,26505.1,26520.0
2023-09-18 08:30:00,2023-09-18 09:30:00,short,26479.7,25821.12,26808.99,26808.99,SL,-1.3435563847022467,-1.9035837789988566,26479.7,26699.0
2023-09-20 19:00:00,2023-09-21 12:30:00,short,27077.2,26590.719999999998,27320.440000000002,26590.719999999998,TP,1.6966407161745054,3.1704289765672464,27077.2,27188.0
2023-09-27 15:15:00,2023-09-28 14:30:00,long,26233.4,26701.880000000005,25999.16,26701.880000000005,TP,1.685815029694981,3.2750315913425925,26221.9,26233.4
2023-10-02 14:30:00,2023-10-02 19:00:00,short,28311.1,27632.299999999996,28650.5,27632.299999999996,TP,2.297646152922362,3.5281745021727513,28311.1,28409.1
2023-10-03 20:15:00,2023-10-04 20:15:00,long,27400.0,27997.339999999997,27101.33,27686.2,timeout,0.9445255474452581,1.6389672999281069,27290.4,27400.0
2023-10-05 07:15:00,2023-10-05 13:15:00,short,27507.2,26717.7,27901.95,27901.95,SL,-1.5350788157282456,-2.0977641508190934,27507.2,27620.0
2023-10-12 16:30:00,2023-10-13 16:30:00,long,26748.8,27198.24,26524.079999999998,26791.9,timeout,0.06112872353153107,0.1336744039786249,26671.3,26748.8
2023-10-15 15:15:00,2023-10-15 18:30:00,long,26865.8,27032.43999999999,26782.480000000003,27032.43999999999,TP,0.5202681476077099,2.611250492418766,26860.8,26865.8
2023-10-21 15:15:00,2023-10-21 17:30:00,short,29714.6,29156.219999999994,29993.79,29993.79,SL,-1.0395717929906587,-2.1107073657306596,29714.6,29870.9
2023-10-22 23:00:00,2023-10-23 01:15:00,long,29914.2,30366.180000000004,29688.21,30366.180000000004,TP,1.4109212347313425,3.411590138127254,29833.1,29914.2
2023-10-26 00:15:00,2023-10-26 10:45:00,long,34690.0,35745.64,34162.18,34162.18,SL,-1.6215335831651765,-2.136725021178591,34471.0,34690.0
2023-10-26 14:45:00,2023-10-26 16:45:00,long,34200.0,35032.380000000005,33783.81,33783.81,SL,-1.3169298245614105,-2.0939905207550193,34002.0,34200.0
2023-10-26 18:30:00,2023-10-27 01:45:00,long,34200.0,34848.76000000001,33875.619999999995,33875.619999999995,SL,-1.0484795321637561,-2.052110710339919,34002.0,34200.0
2023-10-30 09:15:00,2023-10-30 17:15:00,long,34502.8,35334.20000000001,34087.1,34087.1,SL,-1.3048297529475994,-2.0110684961331207,34416.0,34502.8
2023-11-02 04:30:00,2023-11-03 04:30:00,short,34971.6,32851.819999999985,36031.490000000005,34538.2,timeout,1.1392913106635139,0.717206144722428,34971.6,35599.0
2023-11-03 14:30:00,2023-11-04 14:30:00,long,34654.0,35601.399999999994,34180.3,34764.2,timeout,0.2180008079875255,0.2950173660576574,34528.8,34654.0
2023-11-06 02:00:00,2023-11-07 02:00:00,short,34950.0,33845.48000000001,35502.259999999995,34966.5,timeout,-0.14721030042918457,-0.17445490137450265,34950.0,34979.7
2023-11-11 00:00:00,2023-11-12 00:00:00,short,37242.3,36508.08,37609.41,37152.1,timeout,0.1421977160379578,0.26031472265509675,37242.3,37400.0
2023-11-12 14:15:00,2023-11-13 03:45:00,long,37139.6,37533.659999999996,36942.57,36942.57,SL,-0.6305119064287145,-1.992808792851672,37122.3,37139.6
2023-11-13 12:45:00,2023-11-13 14:45:00,long,36899.9,37407.88,36645.91,36645.91,SL,-0.7883216485681478,-1.9529526169946385,36830.1,36899.9
2023-11-14 01:30:00,2023-11-14 15:30:00,long,36818.0,38053.92,36200.04,36200.04,SL,-1.7784181650279733,-1.913893564654746,36370.0,36818.0
2023-11-15 16:15:00,2023-11-15 18:00:00,short,36155.1,35260.299999999996,36602.5,36602.5,SL,-1.3374464460062383,-1.8756156933616508,36155.1,36390.0
2023-11-16 09:15:00,2023-11-16 11:45:00,long,37480.7,37961.93999999999,37240.08,37240.08,SL,-0.7419837409653378,-1.838103379494418,37373.7,37480.7
2023-11-17 17:15:00,2023-11-18 17:15:00,short,36395.6,34935.63999999999,37125.58,36663.2,timeout,-0.8352537119871593,-0.7145319252298739,36395.6,36546.8
2023-11-20 15:30:00,2023-11-20 16:00:00,short,37227.1,36570.079999999994,37555.61,37555.61,SL,-0.9824485388332749,-1.787050673399932,37227.1,37399.6
2023-11-26 22:15:00,2023-11-27 07:30:00,long,37669.8,38798.860000000015,37105.27,37105.27,SL,-1.598627547796925,-1.7513096599319335,37605.3,37669.8
2023-11-30 14:15:00,2023-12-01 08:15:00,long,37727.2,38353.979999999996,37413.81,38353.979999999996,TP,1.5613477809113818,2.87932798983631,37650.0,37727.2
2023-12-01 23:00:00,2023-12-02 19:00:00,short,38588.0,37724.28,39019.86,39019.86,SL,-1.2191562143671624,-1.7738700265300213,38588.0,38723.0
2023-12-04 15:30:00,2023-12-04 22:00:00,short,41364.0,39586.2,42252.9,42252.9,SL,-2.2489701189440128,-1.7383926259994207,41364.0,41546.2
2023-12-04 22:30:00,2023-12-05 22:15:00,long,42179.0,44368.619999999995,41084.19,44368.619999999995,TP,5.091256312382928,3.2176509070760093,41440.0,42179.0
2023-12-06 08:15:00,2023-12-06 11:30:00,long,43855.7,44698.07999999999,43434.51,43434.51,SL,-1.0603996743866706,-1.7679777916209523,43707.5,43855.7
2023-12-06 22:00:00,2023-12-07 08:45:00,long,43992.7,44810.47999999998,43583.810000000005,43583.810000000005,SL,-1.0294496586933564,-1.7326182357885334,43810.0,43992.7
2023-12-12 08:15:00,2023-12-12 08:45:00,short,41788.5,41136.43999999999,42114.530000000006,42114.530000000006,SL,-0.8801907223279278,-1.6979658710727623,41788.5,41949.6
2023-12-14 14:30:00,2023-12-14 17:45:00,short,42777.6,41518.77999999999,43407.01,43407.01,SL,-1.5713541666666746,-1.6640065536513071,42777.6,42877.0
2023-12-17 15:45:00,2023-12-17 23:30:00,long,41929.4,42860.22000000001,41463.99,41463.99,SL,-1.2099848793448116,-1.6307264225782812,41700.8,41929.4
2023-12-21 15:30:00,2023-12-22 15:30:00,long,43923.6,45061.159999999996,43354.82,43669.6,timeout,-0.6782768261253631,-0.7770727129741867,43685.0,43923.6
2023-12-29 03:00:00,2023-12-29 16:15:00,long,42642.5,43765.22,42081.14,42081.14,SL,-1.416433135955914,-1.5825704398672318,42500.0,42642.5
2023-12-29 23:00:00,2023-12-30 23:00:00,long,41969.6,43463.38,41222.71,42265.6,timeout,0.6052723876329533,0.4994305473753456,41768.0,41969.6
2023-12-31 06:15:00,2023-12-31 09:45:00,long,42297.4,42916.02000000001,41988.09,42916.02000000001,TP,1.3625485254413034,2.5584966374636506,42257.8,42297.4
2024-01-03 01:00:00,2024-01-03 11:15:00,long,45359.9,46941.1,44569.3,44569.3,SL,-1.8429491687591872,-1.6120775747666671,45109.5,45359.9
2024-01-04 19:45:00,2024-01-04 20:30:00,short,43758.0,42317.5,44478.25,44478.25,SL,-1.7459847342200283,-1.5798360232713338,43758.0,44215.0
2024-01-07 02:00:00,2024-01-07 13:15:00,short,43945.2,43267.45999999999,44284.07,44284.07,SL,-0.8711194851769991,-1.5482393028059067,43945.2,44082.5
2024-01-07 17:15:00,2024-01-07 23:30:00,long,43989.3,44661.520000000004,43653.19,43653.19,SL,-0.8640721720963975,-1.5172745167497887,43885.0,43989.3
2024-01-08 15:45:00,2024-01-08 17:45:00,short,44621.1,42826.69999999999,45518.3,45518.3,SL,-2.110707938620976,-1.486929026414793,44621.1,45166.4
2024-01-09 13:00:00,2024-01-09 21:00:00,short,46740.8,45726.40000000001,47248.0,47248.0,SL,-1.1851333310512382,-1.4571904458864966,46740.8,46825.4
2024-01-12 11:00:00,2024-01-12 12:45:00,long,46118.8,46989.76000000001,45683.32,45683.32,SL,-1.0442570058197593,-1.4280466369687665,45973.8,46118.8
2024-01-16 10:30:00,2024-01-16 12:30:00,short,42785.8,42154.06,43101.670000000006,43101.670000000006,SL,-0.8382589550738857,-1.3994857042293913,42785.8,42942.0
2024-01-16 18:30:00,2024-01-16 20:15:00,short,42930.0,42042.100000000006,43373.95,43373.95,SL,-1.1341253202888355,-1.3714959901448034,42930.0,43029.7
2024-01-16 22:45:00,2024-01-17 22:45:00,short,43012.5,41816.64,43610.43,42727.0,timeout,0.5637605347282766,0.5084999375638737,43012.5,43288.7
2024-01-17 23:00:00,2024-01-18 16:30:00,long,42710.0,43635.020000000004,42247.49,42247.49,SL,-1.182907984078675,-1.3542360690931847,42566.0,42710.0
2024-01-22 11:15:00,2024-01-22 15:15:00,long,41048.0,42220.08,40461.96,40461.96,SL,-1.5276944065484335,-1.3271513477113208,40755.5,41048.0
2024-01-24 23:15:00,2024-01-25 17:00:00,long,39994.1,40845.77999999999,39568.26,39568.26,SL,-1.164757051665112,-1.3006083207570944,39841.0,39994.1
2024-01-26 10:00:00,2024-01-26 10:30:00,short,40040.0,39225.66,40447.17,40447.17,SL,-1.1169080919080876,-1.2745961543419526,40040.0,40188.9
2024-01-29 15:15:00,2024-01-29 16:15:00,long,42110.6,42829.19999999999,41751.3,42829.19999999999,TP,1.6064587063589482,2.105090827046499,41953.6,42110.6
2024-02-02 04:45:00,2024-02-02 16:00:00,short,42840.0,41602.259999999995,43458.87,43458.87,SL,-1.544607843137261,-1.2912060477960434,42840.0,42993.7
2024-02-04 21:00:00,2024-02-04 22:15:00,long,42939.1,43592.98,42612.159999999996,42612.159999999996,SL,-0.8614039418618515,-1.2653819268401225,42823.3,42939.1
2024-02-05 23:30:00,2024-02-06 23:30:00,long,42829.6,43769.74,42359.53,43106.1,timeout,0.5455815604161608,0.5649617488053262,42580.0,42829.6
2024-02-07 15:00:00,2024-02-07 17:15:00,short,42948.2,42133.81999999999,43355.39,43355.39,SL,-1.0480956128545604,-1.2513735232794267,42948.2,43187.5
2024-02-08 21:45:00,2024-02-09 02:15:00,short,45235.5,44444.5,45631.0,45631.0,SL,-0.9743133158691735,-1.2263460528138381,45235.5,45434.8
2024-02-11 11:00:00,2024-02-12 06:45:00,long,48233.7,48923.31999999999,47888.89,47888.89,SL,-0.8148736257015275,-1.2018191317575615,48050.0,48233.7
2024-02-13 01:45:00,2024-02-13 14:00:00,short,50003.1,49071.579999999994,50468.86,49071.579999999994,TP,1.76292449868109,2.0130082936911644,50003.1,50265.2
2024-02-14 05:15:00,2024-02-14 08:45:00,long,49529.2,50196.72,49195.439999999995,50196.72,TP,1.2477302278252105,1.9638938834510737,49399.8,49529.2
2024-02-16 03:45:00,2024-02-17 03:45:00,long,52494.5,54279.36,51602.07,51993.6,timeout,-1.0541952014020546,-0.7363492124467024,52168.0,52494.5
2024-02-20 19:45:00,2024-02-21 09:30:00,long,51867.2,52937.34,51332.13,51332.13,SL,-1.1316153561402962,-1.2425938084163208,51750.0,51867.2
2024-02-23 10:30:00,2024-02-23 14:45:00,long,51454.7,52673.95999999999,50845.07,50845.07,SL,-1.284789727663357,-1.2177419322479943,51060.6,51454.7
2024-02-23 23:30:00,2024-02-24 23:30:00,long,50976.1,51966.14000000001,50481.079999999994,51615.2,timeout,1.1537247847520673,1.285466089775137,50702.2,50976.1
2024-02-27 20:45:00,2024-02-28 07:30:00,short,56632.5,54452.759999999995,57722.37,57722.37,SL,-2.0244603363792923,-1.219096415398537,56632.5,57164.0
2024-02-29 15:00:00,2024-02-29 17:30:00,short,62852.0,61224.42,63665.79,61224.42,TP,2.4895436899382704,2.132459099559738,62852.0,63118.0
2024-03-01 15:45:00,2024-03-01 20:45:00,short,61577.8,59361.16000000002,62686.119999999995,62686.119999999995,SL,-1.8998694334646453,-1.237363669081761,61577.8,61946.7
2024-03-04 21:15:00,2024-03-04 22:30:00,short,66547.7,63809.759999999995,67916.67,67916.67,SL,-2.1571259412421484,-1.212616395700126,66547.7,67487.9
2024-03-05 05:00:00,2024-03-05 13:00:00,short,66547.7,63818.36,67912.37,67912.37,SL,-2.150664410640786,-1.1883640677861234,66547.7,67487.9
2024-03-07 11:30:00,2024-03-07 14:15:00,short,66404.2,64435.279999999984,67388.66,67388.66,SL,-1.5825267076480198,-1.164596786430401,66404.2,66935.0
2024-03-08 12:30:00,2024-03-08 13:45:00,short,67251.7,65976.33999999998,67889.38,67889.38,SL,-1.0481990789824012,-1.1413048507017929,67251.7,67682.0
2024-03-12 14:15:00,2024-03-12 17:15:00,short,71930.4,68720.27999999997,73535.46,68720.27999999997,TP,4.362814053585167,2.0930342789343825,71930.4,72300.0
2024-03-19 14:45:00,2024-03-19 17:00:00,long,63366.0,65430.98000000001,62333.509999999995,65430.98000000001,TP,3.158813874948727,2.119394944580188,62681.1,63366.0
2024-03-20 07:15:00,2024-03-20 19:45:00,long,62850.0,66045.59999999999,61252.200000000004,66045.59999999999,TP,4.984486873508339,2.268897159916072,61894.2,62850.0
2024-03-22 09:45:00,2024-03-22 12:00:00,short,65482.4,63976.58000000001,66235.31,63976.58000000001,TP,2.199579734401904,2.19661493129232,65482.4,65874.2
2024-03-22 22:30:00,2024-03-23 16:30:00,long,63333.1,65589.23999999999,62205.03,65589.23999999999,TP,3.462339440197925,2.37802715172077,62905.0,63333.1
2024-03-27 14:30:00,2024-03-27 15:45:00,long,69879.4,71637.47999999998,69000.36,69000.36,SL,-1.3579386772067215,-1.3395981230166316,69555.0,69879.4
2024-03-30 05:30:00,2024-03-31 05:30:00,short,69973.7,69094.67999999998,70413.21,70295.4,timeout,-0.5597441610204936,-1.009240622001973,69973.7,70178.6
2024-04-05 13:30:00,2024-04-06 13:30:00,long,67169.3,69208.2,66149.85,67666.8,timeout,0.6406657505735507,0.5119130955706522,66750.3,67169.3
2024-04-07 18:45:00,2024-04-08 01:15:00,short,69331.5,68431.92000000001,69781.29,69781.29,SL,-0.7487527314424087,-1.3028596100276726,69331.5,69545.2
2024-04-10 03:45:00,2024-04-10 12:30:00,short,69207.2,68249.2,69686.2,68249.2,TP,1.284249037672381,2.0700435820385708,69207.2,69356.5
2024-04-11 08:00:00,2024-04-12 08:00:00,short,70792.6,69512.24000000002,71432.78,70917.4,timeout,-0.2762896121910882,-0.36264521124381516,70792.6,70983.0
2024-04-16 10:45:00,2024-04-17 10:45:00,long,62626.8,65026.56000000001,61426.92,62878.0,timeout,0.30110623566906985,0.19580893282040396,61978.0,62626.8
2024-04-18 02:15:00,2024-04-18 03:00:00,short,61450.0,60479.08,61935.46,61935.46,SL,-0.8900081366964997,-1.3148665638994224,61450.0,61698.8
2024-04-21 13:00:00,2024-04-22 01:15:00,short,64992.3,64063.70000000001,65456.6,65456.6,SL,-0.8143923203210158,-1.2885692326214337,64992.3,65139.1
2024-04-23 13:30:00,2024-04-24 13:30:00,long,66214.3,67216.88000000002,65713.01,66129.6,timeout,-0.22791798750420542,-0.3358111176738967,66031.3,66214.3
2024-04-25 22:00:00,2024-04-26 22:00:00,short,64548.1,63021.159999999996,65311.57,63958.2,timeout,0.8138921207595597,0.7969449805169798,64548.1,64784.1
2024-04-27 15:30:00,2024-04-27 17:45:00,short,62952.0,62020.95999999999,63417.520000000004,63417.520000000004,SL,-0.8394840513407106,-1.2720205252258667,62952.0,63118.2
2024-04-29 14:15:00,2024-04-29 22:15:00,long,62284.4,63465.62000000002,61693.78999999999,63465.62000000002,TP,1.7964941462067798,2.1363988856602303,62041.4,62284.4
2024-05-03 23:45:00,2024-05-04 01:15:00,short,62661.3,61226.70000000001,63378.6,63378.6,SL,-1.244725691934249,-1.2893080924345541,62661.3,62986.9
2024-05-05 20:00:00,2024-05-05 23:15:00,short,63603.8,62547.000000000015,64132.2,64132.2,SL,-0.9307679729827372,-1.263521930585863,63603.8,63887.0
2024-05-06 20:30:00,2024-05-07 20:30:00,long,63763.8,66073.74,62608.83,63035.6,timeout,-1.2420272944837107,-0.8046468859233399,63159.3,63763.8
2024-05-08 15:30:00,2024-05-08 18:15:00,short,62317.4,61530.18,62711.01,62711.01,SL,-0.731621344921323,-1.222158554255679,62317.4,62497.8
2024-05-13 17:15:00,2024-05-14 12:30:00,short,62749.4,61256.72000000001,63495.74,61256.72000000001,TP,2.278795653822973,2.1167622224272318,62749.4,63038.6
2024-05-16 02:45:00,2024-05-16 12:30:00,short,65500.0,63117.20000000001,66691.4,66691.4,SL,-1.9189312977099149,-1.2400506276191103,65500.0,65959.1
2024-05-22 18:45:00,2024-05-22 21:00:00,long,69871.0,71196.84,69208.08,69208.08,SL,-1.0487770319588932,-1.2152496150667278,69475.0,69871.0
2024-05-29 22:30:00,2024-05-30 08:00:00,long,68046.1,69550.32,67293.99,67293.99,SL,-1.2052947927948854,-1.1909446227653933,67678.0,68046.1
2024-06-07 12:45:00,2024-06-07 18:00:00,short,71293.2,69296.39999999998,72291.6,69296.39999999998,TP,2.700828129470998,2.100890732190349,71293.2,71406.8
2024-06-11 18:30:00,2024-06-12 12:30:00,long,67280.2,68904.31999999999,66468.14,68904.31999999999,TP,2.3139642866697714,2.140744611354409,66888.0,67280.2
2024-06-13 14:00:00,2024-06-14 14:00:00,short,67603.7,65380.020000000004,68715.54,66983.9,timeout,0.8168137246925878,0.586146517010626,67603.7,67728.4
2024-06-15 16:15:00,2024-06-16 10:30:00,short,66256.8,65768.48,66500.96,66500.96,SL,-0.4685055722582489,-1.2636813675211929,66256.8,66315.0
2024-06-18 20:45:00,2024-06-19 20:45:00,long,65264.4,67877.84,63957.68,64850.5,timeout,-0.7341895428441868,-0.4325128636843712,64550.0,65264.4
2024-06-26 16:30:00,2024-06-27 13:45:00,short,61519.0,60571.31999999999,61992.840000000004,61992.840000000004,SL,-0.8702335863716961,-1.2297574828970819,61519.0,61639.9
2024-07-04 14:00:00,2024-07-04 23:30:00,long,57752.7,59840.17999999999,56708.96,56708.96,SL,-1.9072574961863222,-1.2051623332391401,56999.1,57752.7
2024-07-06 21:30:00,2024-07-06 23:15:00,short,57670.0,56524.92,58242.54,58242.54,SL,-1.0927865441303986,-1.1810590865743573,57670.0,57980.0
2024-07-07 01:00:00,2024-07-07 01:45:00,short,57670.0,56449.880000000005,58280.06,58280.06,SL,-1.157846367262004,-1.1574379048428702,57670.0,57980.0
2024-07-09 01:30:00,2024-07-09 02:45:00,short,56530.0,54938.100000000006,57325.95,57325.95,SL,-1.508013444188921,-1.1342891467460128,56530.0,56849.8
2024-07-09 15:15:00,2024-07-09 18:30:00,long,57230.9,58047.12,56822.79,58047.12,TP,1.3261876014530634,1.8130683046685858,57000.0,57230.9
2024-07-09 19:00:00,2024-07-10 04:00:00,short,57121.6,54686.88,58338.96,58338.96,SL,-2.2311727962802177,-1.1478647299044642,57121.6,58077.0
2024-07-11 04:00:00,2024-07-11 11:45:00,long,57603.7,58884.42,56963.34,58884.42,TP,2.1233294041875803,1.9712953841502394,57411.0,57603.7
2024-07-18 02:15:00,2024-07-19 02:15:00,short,64414.3,62748.240000000005,65247.33,63834.9,timeout,0.7994897095831226,0.668136197057275,64414.3,64708.4
2024-07-20 14:00:00,2024-07-20 17:15:00,long,66562.4,67263.22,66211.98999999999,67263.22,TP,0.9528766991574927,1.7913959795439607,66428.0,66562.4
2024-07-21 18:30:00,2024-07-21 20:15:00,long,66919.8,68151.04000000002,66304.18,68151.04000000002,TP,1.7398739984279983,2.070107106855018,66811.0,66919.8
2024-07-24 15:30:00,2024-07-24 21:30:00,short,66340.8,65296.720000000016,66862.84,65296.720000000016,TP,1.4738127969514796,2.08536796084043,66340.8,66494.7
2024-07-25 14:30:00,2024-07-25 18:15:00,long,64160.6,65164.159999999996,63658.82,65164.159999999996,TP,1.464137492479805,2.1522695500728806,63900.0,64160.6
2024-07-26 20:15:00,2024-07-26 21:45:00,short,67507.6,66162.56000000003,68180.12,68180.12,SL,-1.0962137596359365,-1.339678878876771,67507.6,67954.9
2024-07-27 21:45:00,2024-07-28 00:00:00,short,68670.2,67430.59999999999,69290.0,67430.59999999999,TP,1.7051498320960268,2.2329165783402893,68670.2,68921.7
2024-07-28 11:45:00,2024-07-29 11:45:00,long,68132.1,70395.80000000002,67000.25,69549.9,timeout,1.980957434160973,1.5268836627885172,67744.2,68132.1
2024-07-30 20:15:00,2024-07-31 19:45:00,long,66100.0,67931.12,65184.44,65184.44,SL,-1.4851134644478028,-1.388081306121812,65600.0,66100.0
2024-08-02 14:45:00,2024-08-02 21:15:00,short,63800.0,61659.020000000004,64870.49,61659.020000000004,TP,3.2557680250783636,2.4910991306465746,63800.0,64230.0
2024-08-04 04:45:00,2024-08-04 16:15:00,short,60374.5,58876.899999999994,61123.3,58876.899999999994,TP,2.3805174369974176,2.5046409101112377,60374.5,60677.2
2024-08-06 14:00:00,2024-08-07 14:00:00,long,55477.4,58046.62,54192.79,56692.0,timeout,2.0893599916362313,1.263045073038809,54802.0,55477.4
2024-08-10 00:45:00,2024-08-11 00:45:00,short,60579.9,58717.52000000001,61511.09,61059.1,timeout,-0.8910214444064732,-0.8084945398070937,60579.9,60834.8
2024-08-11 04:00:00,2024-08-11 08:45:00,short,60857.0,59833.06,61368.97,61368.97,SL,-0.9412672330216757,-1.4693254914791662,60857.0,61164.9
2024-08-12 07:45:00,2024-08-12 13:45:00,long,59147.1,61394.55999999999,58023.37,58023.37,SL,-1.9998902735721549,-1.439938981649583,58500.0,59147.1
2024-08-13 13:45:00,2024-08-13 16:30:00,long,59289.5,60594.06000000001,58637.219999999994,60594.06000000001,TP,2.100322148103816,2.469542700938283,58954.5,59289.5
2024-08-14 05:45:00,2024-08-14 11:30:00,short,60585.6,59130.05999999999,61313.37,61313.37,SL,-1.3012260339090544,-1.4605310560353568,60585.6,60906.1
2024-08-14 23:00:00,2024-08-15 01:45:00,long,59064.0,60563.46000000001,58314.27,58314.27,SL,-1.3693518894758283,-1.4313204349146498,58806.1,59064.0
2024-08-15 08:30:00,2024-08-15 18:15:00,long,58940.0,61318.94,57750.53,57750.53,SL,-2.118103155751614,-1.4026940262163567,58059.2,58940.0
2024-08-16 13:45:00,2024-08-16 17:30:00,short,58430.0,57302.899999999994,58993.55,58993.55,SL,-1.0644874208454609,-1.3746401456920294,58430.0,58550.0
2024-08-19 13:45:00,2024-08-19 17:30:00,short,58450.3,57373.22,58988.840000000004,58988.840000000004,SL,-1.0213639622037882,-1.347147342778189,58450.3,58580.0
2024-08-21 09:15:00,2024-08-21 13:45:00,short,59248.8,57848.42000000001,59948.99,59948.99,SL,-1.2817792090303857,-1.3202043959226253,59248.8,59404.6
2024-08-21 14:15:00,2024-08-21 18:15:00,short,59585.2,58212.53999999998,60271.530000000006,60271.530000000006,SL,-1.251846431664254,-1.2938003080041727,59585.2,59715.5
2024-08-24 17:30:00,2024-08-25 00:00:00,short,64075.8,63372.860000000015,64427.27,64427.27,SL,-0.648522218996866,-1.2679243018440893,64075.8,64189.7
2024-08-25 01:45:00,2024-08-25 21:15:00,short,64075.8,63327.640000000014,64449.88,64449.88,SL,-0.6838085517465166,-1.2425658158072075,64075.8,64189.7
2024-08-26 10:15:00,2024-08-26 12:30:00,long,64007.0,64979.86,63520.57,63520.57,SL,-0.8599637539644106,-1.2177144994910636,63843.0,64007.0
2024-08-29 22:45:00,2024-08-30 14:45:00,long,59731.1,62046.32,58573.49,58573.49,SL,-2.0380356296803517,-1.193360209501242,59144.8,59731.1
2024-08-31 18:00:00,2024-09-01 02:00:00,long,59159.8,60141.68000000001,58668.86,58668.86,SL,-0.9298540563017494,-1.1694930053112171,58903.4,59159.8
2024-09-02 16:00:00,2024-09-02 20:45:00,short,58345.0,57389.100000000006,58822.95,58822.95,SL,-0.9191790213385845,-1.1461031452049928,58345.0,58634.0
2024-09-04 00:15:00,2024-09-04 00:45:00,long,57964.7,59101.7,57396.2,57396.2,SL,-1.080769330299303,-1.1231810823008932,57650.7,57964.7
2024-09-05 21:45:00,2024-09-06 07:15:00,long,56602.8,58734.54000000001,55536.93,55536.93,SL,-1.983069388793492,-1.1007174606548753,55885.1,56602.8
2024-09-09 14:30:00,2024-09-09 16:00:00,short,55112.0,53832.01999999999,55751.990000000005,55751.990000000005,SL,-1.2612534475250494,-1.0787031114417776,55112.0,55226.4
2024-09-12 17:00:00,2024-09-13 15:15:00,short,58145.1,57091.780000000006,58671.759999999995,58671.759999999995,SL,-1.0057684998391891,-1.0571290492129422,58145.1,58289.6
2024-09-14 18:45:00,2024-09-15 18:45:00,long,59798.3,60777.76000000001,59308.57,59945.3,timeout,0.14582638636884324,0.1643951388973718,59622.0,59798.3
2024-09-15 19:00:00,2024-09-15 21:00:00,short,60111.1,59595.539999999986,60368.880000000005,59595.539999999986,TP,0.757678531918418,1.488989056545356,60111.1,60143.6
2024-09-17 01:00:00,2024-09-17 05:30:00,short,57484.0,55607.5,58422.25,58422.25,SL,-1.7321933059633987,-1.0690541521375378,57484.0,57932.1
2024-09-18 16:30:00,2024-09-18 18:30:00,long,59791.2,61184.73999999999,59094.43,61184.73999999999,TP,2.230677424102533,1.8469526307950879,59509.8,59791.2
2024-09-21 21:30:00,2024-09-21 23:30:00,short,63010.7,62405.639999999985,63313.23,63313.23,SL,-0.5801248041999313,-1.0846121217106888,63010.7,63111.0
2024-09-22 00:15:00,2024-09-22 22:30:00,short,63149.4,62302.76,63572.72,63572.72,SL,-0.7703468283150746,-1.062919879276475,63149.4,63331.8
2024-09-23 14:15:00,2024-09-23 14:30:00,long,63533.5,64350.8,63124.85,63124.85,SL,-0.7432039790032053,-1.0416614816909455,63365.5,63533.5
2024-09-24 07:15:00,2024-09-24 14:30:00,long,63414.8,64853.88000000002,62695.259999999995,62695.259999999995,SL,-1.234656263206709,-1.0208282520571266,63270.5,63414.8
2024-09-25 02:00:00,2024-09-26 02:00:00,short,64001.8,62312.600000000006,64846.4,63110.4,timeout,1.2927733282501452,0.9110028497588177,64001.8,64440.0
2024-09-29 22:15:00,2024-09-30 01:45:00,short,65698.9,64934.49999999997,66081.1,64934.49999999997,TP,1.063489799677047,1.58901734305559,65698.9,65772.1
2024-10-02 15:15:00,2024-10-02 18:00:00,long,61587.4,62495.27999999999,61133.46000000001,61133.46000000001,SL,-0.8370663479867556,-1.050412090872272,61357.4,61587.4
2024-10-03 14:00:00,2024-10-04 12:45:00,long,60422.8,61786.640000000014,59740.88,61786.640000000014,TP,2.157161204048821,1.807443518822121,60126.0,60422.8
2024-10-04 14:00:00,2024-10-04 15:45:00,short,61300.0,60240.03999999999,61829.98,61829.98,SL,-0.9645676998368731,-1.065552719431269,61300.0,61600.0
2024-10-12 18:15:00,2024-10-13 15:15:00,short,62960.0,62062.72,63408.64,62062.72,TP,1.32515883100381,1.7029548592227877,62960.0,63095.0
2024-10-13 23:15:00,2024-10-14 03:15:00,short,62581.0,61723.81999999999,63009.590000000004,63009.590000000004,SL,-0.7848564260718169,-1.0783007622270995,62581.0,62794.0
2024-10-17 15:30:00,2024-10-18 14:30:00,long,67233.7,68589.09999999999,66556.0,68589.09999999999,TP,1.915953309129193,1.8273439490010404,67071.1,67233.7
2024-10-23 19:45:00,2024-10-24 01:00:00,long,66492.0,67607.84,65934.08,67607.84,TP,1.5781567707393318,1.8373011531498096,66200.0,66492.0
2024-10-26 13:30:00,2024-10-26 14:00:00,long,67025.0,67463.52000000002,66805.73999999999,66805.73999999999,SL,-0.4271316672883392,-1.1300276490255743,66974.6,67025.0
2024-10-28 01:45:00,2024-10-28 07:00:00,short,67706.4,66703.44,68207.87999999999,68207.87999999999,SL,-0.8406685335507366,-1.107427096045063,67706.4,67814.3
2024-10-29 13:00:00,2024-10-29 13:30:00,short,71070.2,70160.39999999998,71525.1,71525.1,SL,-0.7400713660577974,-1.0852785541241616,71070.2,71222.0
2024-10-31 00:45:00,2024-10-31 20:45:00,short,71935.3,69734.28000000001,73035.81,69734.28000000001,TP,2.959721722158647,1.9313796264332295,71935.3,72330.0
2024-11-04 03:15:00,2024-11-04 16:30:00,short,69030.0,68034.13999999998,69527.93000000001,68034.13999999998,TP,1.3426481240040782,1.801807110653069,69030.0,69318.4
2024-11-04 22:15:00,2024-11-05 14:15:00,long,67736.8,69224.50000000001,66992.95,69224.50000000001,TP,2.096295071512105,1.9914742971931303,67422.0,67736.8
2024-11-08 16:45:00,2024-11-08 18:30:00,short,75939.9,74493.19999999998,76663.25,76663.25,SL,-1.052529566143761,-1.1780662037272671,75939.9,76120.8
2024-11-10 12:15:00,2024-11-10 17:30:00,short,79160.0,77006.4,80236.8,80236.8,SL,-1.4602829711975782,-1.1545048796527215,79160.0,79873.0
2024-11-10 22:45:00,2024-11-11 03:45:00,short,80425.4,77606.63999999998,81834.78,81834.78,SL,-1.8524065780213774,-1.1314147820596672,80425.4,80998.0
2024-11-12 15:00:00,2024-11-13 15:00:00,long,87773.8,93017.60000000002,85151.9,91230.9,timeout,3.838646839945395,1.3787133192547703,86368.8,87773.8
2024-11-15 00:15:00,2024-11-16 00:15:00,long,88841.1,92551.12000000002,86986.09,90910.9,timeout,2.2297775466535064,1.1580536939670463,87855.0,88841.1
2024-11-16 18:15:00,2024-11-17 01:45:00,long,91283.8,93706.68000000001,90072.36,90072.36,SL,-1.4271139019190724,-1.1595218266829104,91050.0,91283.8
2024-11-18 01:15:00,2024-11-18 13:00:00,long,90769.2,92934.02,89686.79,89686.79,SL,-1.2924859974528844,-1.136331390149252,90122.6,90769.2
2024-11-19 14:15:00,2024-11-19 18:45:00,long,91923.2,93895.27999999998,90937.16,93895.27999999998,TP,2.0453561233725406,1.9423219331028334,91280.0,91923.2
2024-11-19 21:15:00,2024-11-20 09:00:00,short,92175.4,89745.45999999999,93390.37,93390.37,SL,-1.4181065663940717,-1.1524512010083237,92175.4,92550.0
2024-11-21 14:45:00,2024-11-21 15:15:00,long,97154.9,98597.16,96433.76999999999,96433.76999999999,SL,-0.8422476889997362,-1.1294021769881573,96837.9,97154.9
2024-11-21 16:30:00,2024-11-21 19:00:00,long,97154.9,98688.37999999998,96388.16,98688.37999999998,TP,1.4783866794160474,1.8402063965265616,96837.9,97154.9
2024-11-22 22:30:00,2024-11-23 16:15:00,short,98762.5,97759.85999999999,99263.82,97759.85999999999,TP,0.9152031388431986,1.7225811701716573,98762.5,98968.1
2024-12-01 23:45:00,2024-12-02 01:15:00,short,97354.0,96111.51999999999,97975.24,97975.24,SL,-0.7381247817244337,-1.1780698847823583,97354.0,97600.0
2024-12-02 02:30:00,2024-12-02 07:15:00,short,97512.3,95906.32000000002,98315.29,95906.32000000002,TP,1.5469512051300003,1.9339637024204905,97512.3,97878.9
2024-12-05 13:00:00,2024-12-05 14:30:00,short,102656.9,100903.63999999998,103533.53,103533.53,SL,-0.9539416249662758,-1.193187761135121,102656.9,103183.4
2024-12-12 12:30:00,2024-12-12 16:00:00,long,100874.4,102382.55999999997,100120.32,102382.55999999997,TP,1.3950869596250133,1.9247492442343783,100588.0,100874.4
2024-12-13 16:15:00,2024-12-13 17:30:00,short,100311.0,98119.56,101406.72,101406.72,SL,-1.1923228758560889,-1.2078189907971062,100311.0,100500.0
2024-12-17 23:45:00,2024-12-18 01:45:00,long,106924.5,110424.20000000001,105174.65,105174.65,SL,-1.7365285785764777,-1.183662610981164,105888.6,106924.5
2024-12-19 05:45:00,2024-12-19 15:15:00,long,102174.8,106520.42,100001.99,100001.99,SL,-2.226561539635994,-1.1599893587615406,101145.7,102174.8
2024-12-22 21:00:00,2024-12-22 22:00:00,long,95603.7,97110.92,94850.09,94850.09,SL,-0.8882644709357488,-1.1367895715863099,95210.0,95603.7
2024-12-23 03:15:00,2024-12-23 14:45:00,long,95484.6,99106.88,93673.46,93673.46,SL,-1.9967875447977992,-1.1140537801545836,95038.1,95484.6
2024-12-25 12:15:00,2024-12-26 08:00:00,long,98539.5,100588.5,97515.0,97515.0,SL,-1.1396845934878905,-1.0917727045514918,97886.4,98539.5
2024-12-30 02:30:00,2024-12-30 14:30:00,short,93612.6,92251.24000000002,94293.28,92251.24000000002,TP,1.354248680199018,1.7518056706655816,93612.6,93827.6
2025-01-07 00:45:00,2025-01-07 15:00:00,short,101756.1,99583.16,102842.57,99583.16,TP,2.035439546130406,1.9260669675444777,101756.1,102254.0
2025-01-19 00:15:00,2025-01-19 02:00:00,short,104071.0,102661.1,104775.95,104775.95,SL,-0.7773741003737805,-1.1434947032246632,104071.0,104450.3
2025-01-19 10:00:00,2025-01-19 22:00:00,long,105014.0,108300.51999999999,103370.74,103370.74,SL,-1.6648008836916934,-1.12062480916017,104408.2,105014.0
2025-01-24 20:30:00,2025-01-25 20:30:00,short,105209.5,102855.03999999998,106386.73000000001,104998.9,timeout,0.10017203769622117,0.09025076408735415,105209.5,105560.7
2025-01-28 01:30:00,2025-01-28 04:15:00,short,100886.0,96798.4,102929.8,102929.8,SL,-2.125850960490061,-1.1000173282587136,100886.0,101715.9
2025-01-28 16:00:00,2025-01-28 21:45:00,short,102775.1,100541.34000000003,103891.98,100541.34000000003,TP,2.073444735154702,1.883514372163496,102775.1,102950.0
2025-02-02 22:45:00,2025-02-03 00:30:00,long,97758.4,101483.73999999996,95895.73000000001,95895.73000000001,SL,-2.005381020965957,-1.1156872691368092,96927.9,97758.4
2025-02-04 20:15:00,2025-02-05 20:15:00,short,98658.0,94296.28,100838.86,97585.1,timeout,0.9874941717853535,0.4672963356855304,98658.0,99244.3
2025-02-06 00:15:00,2025-02-06 09:00:00,long,96973.2,98563.71999999999,96177.94,98563.71999999999,TP,1.5401644990574608,1.8458886158281431,96458.0,96973.2
2025-02-10 01:15:00,2025-02-10 04:30:00,short,96082.0,93978.12,97133.94,97133.94,SL,-1.1948356612060556,-1.1396372227843465,96082.0,96640.7
2025-02-13 14:45:00,2025-02-13 16:45:00,long,96059.7,97743.36,95217.87,95217.87,SL,-0.9763612628396735,-1.1168444783286597,95756.6,96059.7
2025-02-14 04:45:00,2025-02-14 14:30:00,short,96490.7,94980.54,97245.78,97245.78,SL,-0.8825417371829635,-1.0945075887620865,96490.7,96839.6
2025-02-14 15:45:00,2025-02-14 16:45:00,short,96950.1,95943.96000000002,97453.17,97453.17,SL,-0.6188958030986996,-1.0726174369868449,96950.1,97127.0
2025-02-17 05:45:00,2025-02-17 15:45:00,long,96180.4,97171.21999999997,95684.99,95684.99,SL,-0.6150841543599206,-1.051165088247108,96029.9,96180.4
2025-02-21 16:30:00,2025-02-21 17:30:00,long,98205.3,99806.37999999999,97404.76000000001,97404.76000000001,SL,-0.9151698533582133,-1.0301417864821658,98104.0,98205.3
2025-02-24 03:00:00,2025-02-24 15:00:00,short,95604.4,94284.35999999999,96264.42,94284.35999999999,TP,1.2807314307709774,1.635886071026871,95604.4,95820.5
2025-02-24 21:30:00,2025-02-24 22:00:00,long,94450.0,96303.0,93523.5,93523.5,SL,-1.080942297511911,-1.04225667217306,94052.0,94450.0
2025-02-25 20:00:00,2025-02-26 14:15:00,long,88852.0,94748.46000000002,85903.76999999999,85903.76999999999,SL,-3.4181357763471962,-1.0214115387295986,87500.0,88852.0
2025-03-04 17:00:00,2025-03-04 18:45:00,long,83531.7,86452.21999999999,82071.44,86452.21999999999,TP,3.3963014041375783,1.8394825760260594,83100.3,83531.7
2025-03-06 16:00:00,2025-03-06 16:45:00,long,90999.9,94128.88,89435.40999999999,89435.40999999999,SL,-1.819221669474368,-1.0377729594755278,90590.0,90999.9
2025-03-07 15:30:00,2025-03-08 15:30:00,short,88455.0,84872.48000000001,90246.26,86460.0,timeout,2.1553840936069184,1.0315338389504847,88455.0,89242.7
2025-03-11 01:30:00,2025-03-11 18:15:00,long,78553.6,82768.80000000002,76446.0,82768.80000000002,TP,5.266017598175019,1.9634409934062302,77445.0,78553.6
2025-03-13 13:30:00,2025-03-13 16:45:00,short,83009.3,80684.90000000001,84171.5,80684.90000000001,TP,2.7001681739274925,1.938462667760266,83009.3,83289.9
2025-03-17 00:45:00,2025-03-18 00:45:00,long,83698.2,86949.52,82072.54,83752.6,timeout,-0.03500457596458617,-0.019122732086340084,82870.3,83698.2
2025-03-21 14:30:00,2025-03-21 16:00:00,long,84119.9,85465.93999999997,83446.88,83446.88,SL,-0.9000722777844358,-1.1153037956466303,83900.0,84119.9
2025-03-21 17:45:00,2025-03-22 17:45:00,long,84119.9,86259.29999999999,83050.2,84201.8,timeout,-0.002638971277891752,-0.0021028807338366175,83900.0,84119.9
2025-03-26 01:15:00,2025-03-26 03:30:00,long,87910.3,89599.68000000001,87065.61,87065.61,SL,-1.0608544163766955,-1.0929556621190208,87615.0,87910.3
2025-03-29 17:30:00,2025-03-30 17:30:00,long,82479.6,84352.42000000001,81543.19,82331.8,timeout,-0.2791958253919792,-0.24207891103873816,81971.0,82479.6
2025-03-30 22:45:00,2025-03-31 00:30:00,long,82503.7,84085.24,81712.93,81712.93,SL,-1.0584661051565012,-1.0662549706558657,82126.4,82503.7
2025-04-02 20:30:00,2025-04-03 20:30:00,short,86135.0,80745.0,88830.0,82066.7,timeout,4.623167121379233,1.4961816527127887,86135.0,86600.0
2025-04-09 06:15:00,2025-04-09 11:30:00,long,77329.7,80377.14,75805.98,75805.98,SL,-2.0704201619817497,-1.0748535042970042,76740.0,77329.7
2025-04-09 14:45:00,2025-04-09 17:00:00,short,77285.2,75058.05999999998,78398.77,78398.77,SL,-1.540858016800121,-1.0533564342110642,77285.2,77770.6
2025-04-10 07:45:00,2025-04-10 13:30:00,long,81740.3,82844.90000000001,81188.0,81188.0,SL,-0.7756765022883485,-1.032289305526843,81501.0,81740.3
2025-04-11 14:15:00,2025-04-11 17:30:00,short,82325.2,80112.8,83431.4,83431.4,SL,-1.443695490566676,-1.011643519416306,82325.2,82803.0
2025-04-13 02:15:00,2025-04-14 02:15:00,short,85005.8,82691.72000000002,86162.84,84998.8,timeout,-0.09176526778172783,-0.06226483822572984,85005.8,85232.7
2025-04-14 13:45:00,2025-04-14 14:30:00,short,84447.6,82802.1,85270.35,85270.35,SL,-1.0742728034899747,-0.9901653522634654,84447.6,84843.0
2025-04-15 14:00:00,2025-04-15 19:45:00,short,85657.8,83888.82000000002,86542.29,83888.82000000002,TP,1.9651709476544825,1.6836939410192868,85657.8,85955.0
2025-04-16 09:00:00,2025-04-16 12:15:00,short,83676.9,82746.65999999997,84142.02,84142.02,SL,-0.6558523320056192,-1.0040359240385817,83676.9,83887.9
2025-04-17 19:30:00,2025-04-17 20:45:00,short,84656.9,83783.57999999999,85093.56,85093.56,SL,-0.6157996572045558,-0.98395520555781,84656.9,84829.4
2025-04-19 15:45:00,2025-04-20 10:30:00,short,85134.7,84114.95999999998,85644.57,84114.95999999998,TP,1.0977959633381214,1.5146393886895082,85134.7,85361.1
2025-04-21 19:30:00,2025-04-22 13:00:00,long,87313.0,89445.95999999999,86246.52,89445.95999999999,TP,2.342889375007149,1.7633465140862639,87077.1,87313.0
2025-04-23 13:45:00,2025-04-24 13:45:00,short,93864.5,91461.22,95066.14,92768.4,timeout,1.0677471248448624,0.7967073965985242,93864.5,94400.0
2025-04-28 19:30:00,2025-04-29 19:30:00,long,94762.8,96856.84000000001,93715.78,95196.2,timeout,0.357352463202854,0.31016110385966655,94489.4,94762.8
2025-04-30 04:00:00,2025-04-30 12:30:00,long,95414.1,97587.80000000002,94327.25,94327.25,SL,-1.2390874095128557,-1.051973189511333,94860.0,95414.1
2025-05-12 01:30:00,2025-05-12 07:00:00,short,103802.7,100883.90000000001,105262.09999999999,105262.09999999999,SL,-1.5059364544467477,-1.0309337257211064,103802.7,104571.8
2025-05-19 21:30:00,2025-05-19 23:00:00,short,104853.9,102964.97999999998,105798.36,105798.36,SL,-1.000739028305105,-1.0103150512066843,104853.9,105400.0
2025-05-26 11:00:00,2025-05-26 15:30:00,short,109174.5,107044.30000000002,110239.59999999999,110239.59999999999,SL,-1.075594117673991,-0.9901087501825506,109174.5,109722.8
2025-06-07 00:45:00,2025-06-07 12:30:00,long,104307.4,105396.15999999997,103763.02,105396.15999999997,TP,0.9437993852784945,1.4725441418038314,104141.8,104307.4
2025-06-10 19:00:00,2025-06-11 18:15:00,long,109290.5,111078.1,108396.7,108396.7,SL,-0.9178203961003041,-0.9997574580149763,109152.6,109290.5
2025-06-13 18:30:00,2025-06-14 00:45:00,long,104721.3,106151.62000000001,104006.14,106151.62000000001,TP,1.2658348397126533,1.5840971649515108,104478.0,104721.3
2025-06-18 18:00:00,2025-06-18 19:00:00,long,104054.3,105207.44000000002,103477.73,103477.73,SL,-0.6541049240636927,-1.0114442521537068,103855.0,104054.3
2025-06-23 14:30:00,2025-06-23 16:30:00,short,101586.1,99679.08000000005,102539.60999999999,99679.08000000005,TP,1.777245016788675,1.6961240080239854,101586.1,101950.1
2025-06-26 05:00:00,2025-06-27 05:00:00,short,107571.0,106137.52000000002,108287.73999999999,107477.1,timeout,-0.012708815572975821,-0.01700166503910478,107571.0,107800.8
2025-06-27 05:15:00,2025-06-28 05:15:00,long,107390.0,109589.76000000001,106290.12,107215.3,timeout,-0.26267808920755853,-0.2394536560528187,107076.6,107390.0
2025-06-30 16:00:00,2025-06-30 21:45:00,long,107490.1,108386.68000000002,107041.81,107041.81,SL,-0.5170523611011694,-1.020008740849274,107404.6,107490.1
2025-08-04 04:15:00,2025-08-04 14:00:00,short,114338.0,113014.54000000001,114999.73,114999.73,SL,-0.6787489723451485,-0.9996085660322885,114338.0,114595.3
2025-08-05 13:45:00,2025-08-05 14:15:00,long,114359.7,116477.49999999999,113300.8,113300.8,SL,-1.0259380708413839,-0.979616394711643,114157.4,114359.7
2025-08-08 14:30:00,2025-08-09 09:00:00,short,116586.5,115171.94,117293.78,117293.78,SL,-0.7066568599280353,-0.9600240668174101,116586.5,116713.9
2025-08-20 12:15:00,2025-08-20 13:45:00,long,113618.0,114814.5,113019.75,113019.75,SL,-0.6265450896864934,-0.9408235854810618,113360.9,113618.0
2025-08-20 15:45:00,2025-08-20 16:15:00,short,113737.8,112650.93999999999,114281.23000000001,114281.23000000001,SL,-0.5777919038349675,-0.9220071137714407,113737.8,113917.1
2025-08-25 14:00:00,2025-08-25 20:00:00,long,111830.7,114621.26,110435.42,110435.42,SL,-1.3476717037450352,-0.9035669714960117,111245.9,111830.7
2025-08-26 01:30:00,2025-08-27 01:30:00,long,109855.7,112661.2,108452.95,111080.5,timeout,1.0149171139959081,0.6527003750197348,109389.0,109855.7
2025-09-11 12:45:00,2025-09-11 13:15:00,long,113926.6,115087.6,113346.1,113346.1,SL,-0.6095385976584924,-0.898549639566486,113800.0,113926.6
2025-09-23 15:15:00,2025-09-23 17:15:00,long,112916.3,114078.54,112335.18000000001,112335.18000000001,SL,-0.6146466896276227,-0.8805786467751564,112786.6,112916.3
2025-09-26 00:15:00,2025-09-26 11:15:00,long,109331.0,110741.78,108625.61,108625.61,SL,-0.7451875497342926,-0.8629670738396534,109020.5,109331.0
2025-10-05 17:00:00,2025-10-06 17:00:00,long,123996.2,127895.59999999999,122046.5,125384.5,timeout,1.0196310854687505,0.5156162699800246,122828.1,123996.2
2025-10-09 15:00:00,2025-10-09 16:30:00,long,121675.1,123840.58000000005,120592.35999999999,120592.35999999999,SL,-0.9898616068530208,-0.8560200577624607,121136.0,121675.1
2025-10-13 14:00:00,2025-10-13 14:30:00,long,114953.4,116780.13999999998,114040.03,114040.03,SL,-0.8945567508225033,-0.8388996566072114,114542.8,114953.4
2025-10-16 12:15:00,2025-10-16 14:15:00,short,111287.6,109822.84000000003,112019.98,109822.84000000003,TP,1.2161933584693894,1.3189068549694078,111287.6,111693.4
2025-10-20 20:15:00,2025-10-21 01:45:00,long,110948.7,112868.09999999999,109989.0,109989.0,SL,-0.9649943622593117,-0.8484998005744554,110728.6,110948.7
2025-10-22 13:15:00,2025-10-23 13:15:00,long,108035.0,111705.76000000001,106199.62,109106.0,timeout,0.891345397324941,0.41202424507939617,107897.8,108035.0
2025-10-27 16:15:00,2025-10-27 20:45:00,long,115191.2,116656.37999999999,114458.61,114458.61,SL,-0.7359774010514661,-0.8397702894645541,114860.0,115191.2
2025-11-03 17:30:00,2025-11-04 05:45:00,short,106925.7,104271.65999999999,108252.72,104271.65999999999,TP,2.382134790793989,1.4618483076103228,106925.7,107558.0
2025-11-04 14:45:00,2025-11-04 16:15:00,long,103848.3,106016.94000000002,102763.98,102763.98,SL,-1.144138421139303,-0.8522118498274694,103622.0,103848.3
2025-11-09 23:30:00,2025-11-10 00:15:00,short,104600.0,102767.38,105516.31,105516.31,SL,-0.9760133843212216,-0.8351676128309201,104600.0,104770.9
2025-11-14 16:30:00,2025-11-14 18:30:00,long,97060.0,100170.58000000002,95504.70999999999,95504.70999999999,SL,-1.7024005769627122,-0.8184642605743017,96680.1,97060.0
2025-11-16 23:30:00,2025-11-17 17:30:00,long,94480.8,97845.54,92798.43000000001,92798.43000000001,SL,-1.880647496634232,-0.8020949753628156,93817.4,94480.8
2025-11-24 15:15:00,2025-11-24 17:30:00,long,85997.9,87721.22,85136.23999999999,87721.22,TP,1.9039093977876287,1.358108314056459,85703.5,85997.9
2025-11-25 15:45:00,2025-11-26 15:45:00,long,87031.9,89114.63999999998,85990.53,86926.2,timeout,-0.22144972130907986,-0.1388977798831802,86780.1,87031.9
2025-11-28 11:45:00,2025-11-28 13:45:00,short,91423.1,90131.56000000003,92068.87,92068.87,SL,-0.8063532083247992,-0.8104372865390249,91423.1,91562.9
2025-11-28 16:45:00,2025-11-29 16:45:00,short,91543.3,88238.28000000001,93195.81,90962.1,timeout,0.5348908112335878,0.22298591811269705,91543.3,91830.6
2025-12-09 13:45:00,2025-12-09 15:00:00,short,90301.0,89127.91999999998,90887.54000000001,90887.54000000001,SL,-0.7495387647977411,-0.7986882591704983,90301.0,90487.0
2025-12-10 16:00:00,2025-12-10 20:00:00,long,92340.0,94068.28,91475.86,94068.28,TP,1.7716482564435767,1.338735728183796,91777.0,92340.0
2025-12-12 14:45:00,2025-12-12 15:15:00,long,92349.6,93489.80000000002,91779.5,91779.5,SL,-0.717328066391198,-0.8094892085507643,92054.0,92349.6
2025-12-19 15:45:00,2025-12-20 15:45:00,short,88029.7,85068.93999999999,89510.08,88134.6,timeout,-0.21916432749402615,-0.09758357140724401,88029.7,88333.7
2025-12-22 02:15:00,2025-12-22 03:15:00,short,88162.1,86842.28000000003,88822.01,88822.01,SL,-0.848518921395916,-0.7913477529516042,88162.1,88401.6
2025-12-23 17:30:00,2025-12-23 20:30:00,short,87546.0,86102.06,88267.97,88267.97,SL,-0.9246750279852892,-0.7755207978925722,87546.0,87855.7
2025-12-23 21:00:00,2025-12-24 21:00:00,short,87546.0,86056.45999999999,88290.77,87608.2,timeout,-0.17104836314622837,-0.136737146292026,87546.0,87855.7
2025-12-30 06:15:00,2025-12-30 14:45:00,long,87331.9,88514.84,86740.43,88514.84,TP,1.254533681277978,1.2222672388377307,87282.9,87331.9
2026-02-01 22:30:00,2026-02-01 23:00:00,long,77664.8,80101.44000000002,76446.48,76446.48,SL,-1.6686900629371442,-0.7817209837856348,76895.5,77664.8
2026-02-02 00:15:00,2026-02-02 03:00:00,long,77664.8,80451.04000000002,76271.68,76271.68,SL,-1.8937598500221593,-0.766086564109922,76895.5,77664.8
2026-02-03 03:30:00,2026-02-03 14:45:00,long,78418.5,80223.94,77515.78,77515.78,SL,-1.2511569336317339,-0.7507648328277238,78110.4,78418.5
2026-02-04 22:30:00,2026-02-05 02:15:00,long,73819.0,77982.06,71737.47,71737.47,SL,-2.9197753965781152,-0.7357495361711692,72377.0,73819.0
2026-02-06 23:30:00,2026-02-07 23:30:00,short,70104.5,66746.44,71783.53,69215.8,timeout,1.1676789649737136,0.33744439564142636,70104.5,71000.0
2026-02-09 03:30:00,2026-02-09 08:30:00,long,71119.1,73644.20000000001,69856.55,69856.55,SL,-1.875261497966092,-0.7277834333605744,70706.2,71119.1
2026-02-10 14:15:00,2026-02-10 14:30:00,long,69260.0,70862.45999999999,68458.77,68458.77,SL,-1.256843777071897,-0.7132277646933629,68955.3,69260.0
2026-02-10 15:00:00,2026-02-10 16:00:00,short,69045.4,67932.62,69601.79,69601.79,SL,-0.9058321046731564,-0.6989632093994956,69045.4,69324.0
2026-02-16 09:45:00,2026-02-16 15:30:00,long,69042.0,70945.16,68090.42,68090.42,SL,-1.4782625068798727,-0.6849839452115057,68873.0,69042.0
2026-02-21 03:45:00,2026-02-21 09:15:00,short,67437.6,65825.82,68243.49,68243.49,SL,-1.295015836862521,-0.6712842663072757,67437.6,67680.4
2026-02-24 01:30:00,2026-02-24 04:00:00,long,64363.1,66566.01999999999,63261.64,63261.64,SL,-1.811322170622607,-0.6578585809811301,63874.5,64363.1
2026-02-25 21:45:00,2026-02-26 21:45:00,short,68670.5,65757.70000000001,70126.9,67432.1,timeout,1.7033944706970154,0.49448616127695766,68670.5,69500.0
2026-02-27 22:45:00,2026-02-28 06:15:00,long,65520.6,66950.26000000001,64805.77,64805.77,SL,-1.1910003876643402,-0.6545911325870468,65163.2,65520.6
2026-03-01 18:15:00,2026-03-01 20:00:00,long,66481.9,68097.62,65674.04,65674.04,SL,-1.3151578098700558,-0.6414993099353059,66257.2,66481.9
2026-03-02 02:15:00,2026-03-02 13:45:00,long,66200.0,67924.9,65337.55,65337.55,SL,-1.4027945619335302,-0.6286693237365998,65945.0,66200.0
2026-03-03 15:30:00,2026-03-04 07:45:00,long,67111.0,69314.79999999999,66009.1,69314.79999999999,TP,3.1838133837969753,1.1260847092902653,66550.0,67111.0
2026-03-04 14:45:00,2026-03-04 15:15:00,short,71172.4,68001.87999999998,72757.66,72757.66,SL,-2.3273521758434583,-0.6386176314476731,71172.4,71863.5
2026-03-05 11:30:00,2026-03-05 14:30:00,long,72856.3,74594.3,71987.3,71987.3,SL,-1.2927588966225294,-0.6258452788187197,72622.3,72856.3
2026-03-06 07:30:00,2026-03-06 12:00:00,long,70990.1,72846.92000000001,70061.69,70061.69,SL,-1.4078020738102968,-0.6133283732423452,70722.0,70990.1
2026-03-09 03:45:00,2026-03-09 05:30:00,short,67169.4,66100.93999999997,67703.63,67703.63,SL,-0.8953472861154194,-0.6010618057774982,67169.4,67353.8
2026-03-10 17:30:00,2026-03-11 17:30:00,short,70706.9,68484.85999999996,71817.92000000001,70788.5,timeout,-0.21540599290876253,-0.07591850802367908,70706.9,71253.9
2026-03-17 14:30:00,2026-03-18 11:30:00,long,74142.7,75870.23999999998,73278.93000000001,73278.93000000001,SL,-1.2650101763221324,-0.5875221995014748,73791.8,74142.7
2026-03-19 19:15:00,2026-03-20 19:15:00,long,70570.0,73408.94,69150.53,69842.9,timeout,-1.1303245004959697,-0.3082305550312861,69907.1,70570.0
2026-03-25 17:00:00,2026-03-26 05:00:00,long,71053.2,72189.92,70484.84,70484.84,SL,-0.8999076748126764,-0.5696071444108196,70850.0,71053.2
2026-03-27 20:00:00,2026-03-28 20:00:00,long,66538.0,68679.5,65467.25,66959.0,timeout,0.5327211518230185,0.1739805624166482,65950.0,66538.0
2026-03-30 00:45:00,2026-03-30 02:45:00,short,66312.7,64593.90000000001,67172.09999999999,67172.09999999999,SL,-1.3959810111788453,-0.5616946127709361,66312.7,66480.0
2026-03-30 09:30:00,2026-03-30 11:15:00,short,67384.3,66266.92,67942.99,67942.99,SL,-0.9291100449214464,-0.5504607205155174,67384.3,67620.0
2026-03-30 13:45:00,2026-03-30 19:00:00,short,67574.6,66364.46000000002,68179.67,66364.46000000002,TP,1.6908208113699301,0.9163213766284559,67574.6,67888.5
