entry_t,exit_t,direction,entry,tp,sl,exit,result,pnl_pct,pnl_abs
2022-01-06 09:30:00,2022-01-06 09:45:00,long,42550.1674852787,43037.52975977494,42428.32691665464,42428.32691665464,SL,-0.386345685163783,-3.9999999999999996
2022-01-07 13:30:00,2022-01-07 15:45:00,long,41267.3503793291,42175.475557886675,41040.31908468971,41040.31908468971,SL,-0.6501474956655082,-3.92
2022-02-02 21:15:00,2022-02-02 21:30:00,long,37057.59870268893,37493.09184124029,36948.725418051086,36948.725418051086,SL,-0.39379476396008567,-3.8416
2022-02-04 13:15:00,2022-02-04 13:30:00,short,38105.37466846816,37884.04936216364,38160.70599504429,37884.04936216364,TP,0.48082438036664704,7.382329709820094
2022-02-12 21:30:00,2022-02-13 10:30:00,long,41712.29080086012,42519.03852198066,41510.60387057999,42519.03852198066,TP,1.8340767568294405,12.297228271178506
2022-02-23 13:15:00,2022-02-23 14:00:00,short,39238.19244818043,38783.206460669484,39351.938945058166,38783.206460669484,TP,1.0595487944859336,11.300664526029804
2022-02-28 07:00:00,2022-02-28 07:30:00,short,38162.8408554378,37850.68309573445,38240.88029536363,38240.88029536363,SL,-0.30449064633697687,-4.384372450140568
2022-03-04 08:30:00,2022-03-04 08:45:00,long,41043.04250292695,41423.346035947055,40947.966619671926,41423.346035947055,TP,0.8265968354879656,10.708984463158693
2022-03-13 20:00:00,2022-03-13 20:15:00,long,38618.19863121367,38881.389431678945,38552.400931097356,38552.400931097356,SL,-0.27038003440982455,-4.510864690400931
2022-03-17 02:00:00,2022-03-17 02:15:00,short,41366.6509264614,40977.56854041995,41463.92152297177,40977.56854041995,TP,0.8405701871614775,11.087414728793497
2022-03-17 12:15:00,2022-03-17 13:30:00,short,41204.429960206806,40814.2607575429,41301.97226087278,40814.2607575429,TP,0.8469108128439411,11.676185448535726
2022-04-17 13:45:00,2022-04-17 14:30:00,long,40202.94314251683,40396.66636870615,40154.5123359695,40396.66636870615,TP,0.3818632941936266,8.445457052671312
2022-06-06 13:30:00,2022-06-06 13:45:00,long,31275.40937009216,31387.723386218524,31247.330866060565,31387.723386218524,TP,0.2591128569967444,6.887934642755143
2022-07-08 00:45:00,2022-07-08 01:15:00,short,21730.278837543607,21571.793024001505,21769.90029092913,21769.90029092913,SL,-0.2823329267044161,-5.182587234048026
2022-07-28 00:00:00,2022-07-28 02:45:00,short,23000.07155776547,22690.043088013015,23077.578675203582,23077.578675203582,SL,-0.43698641868765536,-5.0789354893670655
2022-07-28 20:30:00,2022-07-28 20:45:00,short,24036.41165372563,23745.312843472624,24109.186356288883,24109.186356288883,SL,-0.4027685813159739,-4.977356779579725
2022-08-07 08:45:00,2022-08-07 09:30:00,long,22880.487497765866,22971.89910739781,22857.63459535788,22971.89910739781,TP,0.2995177534607628,7.309359073279106
2022-08-12 09:45:00,2022-08-12 10:00:00,short,24084.356287921913,23957.530803746915,24116.062658965664,23957.530803746915,TP,0.4265886397744431,9.251915596647473
2022-08-26 00:00:00,2022-08-26 02:00:00,long,21421.19209332481,21567.792076976555,21384.542097411875,21567.792076976555,TP,0.5843689324714421,11.228644463294014
2022-08-28 22:00:00,2022-08-28 22:15:00,long,19890.03643671311,19983.295382604618,19866.721700240236,19983.295382604618,TP,0.368872674960859,9.22717256620114
2022-09-05 10:30:00,2022-09-05 11:15:00,long,19657.475701611867,19753.85979856594,19633.37967737335,19633.37967737335,SL,-0.22257944307947536,-5.618151477976564
2022-09-15 06:45:00,2022-09-15 07:00:00,short,20251.2953381029,20074.151476736628,20295.58130344447,20074.151476736628,TP,0.7747285465388243,13.384783744818735
2022-10-01 05:15:00,2022-10-01 11:15:00,long,19274.764699869258,19389.345070354288,19246.119607248,19246.119607248,SL,-0.24861448669954858,-5.773484123313407
2022-11-07 14:30:00,2022-11-07 15:15:00,long,20627.14721151427,20728.60699583026,20601.782265435275,20728.60699583026,TP,0.39187501924335,9.944148989696917
2022-11-08 11:00:00,2022-11-08 13:45:00,long,19595.724825105062,19769.21149632757,19552.353157299436,19552.353157299436,SL,-0.32133229667555135,-5.856897420641079
2022-11-12 14:45:00,2022-11-12 15:00:00,short,16958.21002791988,16841.07367092473,16987.494117168666,16987.494117168666,SL,-0.2726838457630515,-5.739759472228258
2022-11-23 07:30:00,2022-11-23 10:45:00,short,16598.681495643898,16462.896037068727,16632.62786028769,16632.62786028769,SL,-0.3045124165597099,-5.624964282783692
2022-11-24 22:45:00,2022-11-24 23:00:00,short,16623.017904326673,16569.68410125335,16636.351355095,16569.68410125335,TP,0.2208430826477023,6.755366277397479
2022-11-28 14:30:00,2022-11-28 14:45:00,short,16273.20770161061,16195.552432216671,16292.621518959095,16195.552432216671,TP,0.3771970641427598,9.71388431049569
2022-12-01 13:45:00,2022-12-01 14:45:00,long,17023.309515925786,17105.843784564004,17002.67594876623,17105.843784564004,TP,0.38483092292367815,10.16295643498938
2022-12-09 10:00:00,2022-12-09 10:15:00,short,17251.718878641925,17208.917385495384,17262.41925192856,17208.917385495384,TP,0.14809987600441255,5.525567566709142
2022-12-15 01:30:00,2022-12-15 01:45:00,long,17706.088804397492,17824.612572507176,17676.45786237007,17676.45786237007,SL,-0.26734888407463375,-6.155620488919851
2022-12-16 14:00:00,2022-12-16 14:15:00,long,16925.459837496404,17040.019026627917,16896.820040213526,16896.820040213526,SL,-0.26921133935416025,-6.032508079141454
2022-12-18 14:15:00,2022-12-18 15:00:00,long,16677.298303211883,16708.5580203977,16669.483373915427,16669.483373915427,SL,-0.1468596840709523,-5.911857917558625
2022-12-23 10:30:00,2022-12-23 13:15:00,short,16882.217830315407,16833.048564955236,16894.510146655448,16833.048564955236,TP,0.19124885044355958,6.411718786329655
2022-12-23 20:30:00,2022-12-23 22:15:00,long,16789.233376617678,16828.42999601053,16779.434221769465,16779.434221769465,SL,-0.1583657075245644,-5.921855134934045
2023-01-08 16:00:00,2023-01-08 16:15:00,short,17013.49239292671,16940.936539863345,17031.631356192553,16940.936539863345,TP,0.3264606665562042,9.169644948754065
2023-01-15 08:30:00,2023-01-15 09:00:00,long,20623.215279018972,20732.56601092801,20595.87759604171,20595.87759604171,SL,-0.23255781219077196,-5.986810931210446
2023-01-27 13:30:00,2023-01-27 13:45:00,short,23013.800635897656,22944.250882014265,23031.188074368503,22944.250882014265,TP,0.20220890057987911,6.757958928019284
2023-01-27 14:45:00,2023-01-27 15:00:00,short,23034.92476230328,22931.94186003349,23060.670487870724,23060.670487870724,SL,-0.21176822079131893,-6.002233891146622
2023-01-31 19:00:00,2023-01-31 19:15:00,short,23181.172212469504,23101.124766979305,23201.184073842054,23101.124766979305,TP,0.24531232828312655,7.744262245849636
2023-02-02 14:30:00,2023-02-02 14:45:00,short,23933.65406781997,23809.766684926835,23964.625913543256,23809.766684926835,TP,0.41762836774560247,10.990303441240856
2023-02-09 12:30:00,2023-02-09 12:45:00,long,22582.40052580508,22679.402443578758,22558.150046361658,22679.402443578758,TP,0.3295465296651462,9.942459840347444
2023-02-13 02:30:00,2023-02-13 03:00:00,long,21608.032870331197,21758.12074719464,21570.510901115336,21758.12074719464,TP,0.5945929681064136,14.02724705769148
2023-03-03 07:00:00,2023-03-03 09:00:00,long,22331.83451359723,22447.375155095295,22302.949353222713,22447.375155095295,TP,0.417380878081086,12.2592144739929
2023-03-03 14:00:00,2023-03-03 14:15:00,short,22452.241993173822,22358.81366744572,22475.59907460585,22358.81366744572,TP,0.3161202509598253,10.816938088074954
2023-03-23 10:30:00,2023-03-23 11:00:00,short,27641.10776559288,27574.272528422145,27657.81657488556,27574.272528422145,TP,0.1417965218236605,6.361035912484948
2023-03-28 17:15:00,2023-03-28 18:30:00,long,26746.960600192437,26917.072434229296,26704.432641683223,26917.072434229296,TP,0.5360043542129996,15.159170942189334
2023-03-29 14:15:00,2023-03-29 14:30:00,short,28521.02134546492,28329.910531962392,28568.799048840552,28329.910531962392,TP,0.5700700202411093,16.255419188247174
2023-04-07 05:30:00,2023-04-07 07:30:00,long,27851.91112643089,28005.112191025157,27813.610860282322,27813.610860282322,SL,-0.2375139608004134,-7.9533102371260656
2023-04-09 06:00:00,2023-04-09 06:45:00,long,27900.970004577568,28008.518996024588,27874.082756715812,27874.082756715812,SL,-0.19636671362086924,-7.794244032383545
2023-04-10 21:30:00,2023-04-10 22:00:00,short,29239.609761402062,29035.2771741834,29290.69290820673,29290.69290820673,SL,-0.2747052960744361,-7.638359151735874
2023-04-19 15:30:00,2023-04-19 16:15:00,long,29028.44716357103,29340.488620822667,28950.436799258117,29340.488620822667,TP,0.9749505665712348,19.79207248408805
2023-04-22 01:15:00,2023-04-22 02:00:00,long,27136.931952976,27311.974270508825,27093.17137359279,27311.974270508825,TP,0.5450335573532988,16.442134945192215
2023-04-26 06:00:00,2023-04-26 06:30:00,short,28465.59214087014,28329.284958805034,28499.668936386417,28329.284958805034,TP,0.3788489253641751,14.156946406634313
2023-05-12 19:30:00,2023-05-12 19:45:00,long,25886.685328293464,26269.127274179024,25791.074841822076,26269.127274179024,TP,1.377369315675036,24.92545110048767
2023-05-15 14:15:00,2023-05-15 14:45:00,long,27207.50491693184,27353.30677050816,27171.05445353776,27353.30677050816,TP,0.4358883661749621,16.75189149552132
2023-05-18 00:15:00,2023-05-18 01:30:00,short,27453.761123609493,27312.97971978036,27488.956474566778,27312.97971978036,TP,0.41279459741515856,16.871789085612242
2023-05-18 12:15:00,2023-05-18 12:30:00,short,27456.280958962536,27352.67333741331,27482.18286434984,27352.67333741331,TP,0.2773548999738229,13.7927633911923
2023-05-28 11:15:00,2023-05-28 11:30:00,short,27276.823985756288,27173.078987245673,27302.76023538394,27173.078987245673,TP,0.2803411957520744,14.284327995881831
2023-05-29 22:00:00,2023-05-29 22:15:00,long,27568.898557174114,27667.078822552743,27544.353490829457,27544.353490829457,SL,-0.18903172643533125,-10.225939506793356
2023-05-31 09:30:00,2023-05-31 11:00:00,long,27040.172754132596,27201.739466047373,26999.781076153904,26999.781076153904,SL,-0.24937655297531036,-10.021420716657488
2023-06-04 13:45:00,2023-06-04 14:00:00,short,27263.433524226697,27191.09631476101,27281.51782659312,27191.09631476101,TP,0.16532685034483272,9.76166059591631
2023-06-05 09:00:00,2023-06-05 10:15:00,long,26761.52394260833,26829.128164496713,26744.622887136236,26744.622887136236,SL,-0.16315430880670562,-10.016225514242665
2023-06-10 01:00:00,2023-06-10 01:15:00,long,26403.900084412584,26464.913158708783,26388.646815838532,26464.913158708783,TP,0.13107599294476185,8.155144452492696
2023-06-10 17:00:00,2023-06-10 17:15:00,short,25738.08756766691,25634.120253638375,25764.079396174042,25764.079396174042,SL,-0.2009858577829397,-9.979003893007667
2023-06-13 01:30:00,2023-06-13 02:30:00,short,26042.550304557106,25906.01635169832,26076.6837927718,26076.6837927718,SL,-0.23106814738002787,-9.779423815147513
2023-06-13 12:30:00,2023-06-13 12:45:00,short,26311.30153453063,26132.843084491415,26355.916147040436,26132.843084491415,TP,0.5782577813758434,20.558821668933707
2023-06-14 18:00:00,2023-06-14 18:15:00,short,26085.359001696637,25959.074119618002,26116.930222216295,25959.074119618002,TP,0.38412169474233054,17.370010865008464
2023-06-21 10:30:00,2023-06-21 10:45:00,short,29103.482234644573,28865.748265914273,29162.91572682715,28865.748265914273,TP,0.7168574702284336,24.37108856628246
2023-07-07 12:30:00,2023-07-07 13:00:00,short,30295.61371631628,30114.473752102753,30340.89870736966,30114.473752102753,TP,0.4979082183635359,21.614265255297454
2023-07-11 14:15:00,2023-07-11 14:45:00,short,30534.977587179143,30419.4413021223,30563.861658443355,30563.861658443355,SL,-0.19459339271413104,-11.262119065955005
2023-07-12 12:30:00,2023-07-12 12:45:00,short,30844.678747074846,30715.873948580676,30876.879946698387,30715.873948580676,TP,0.3175916356606072,17.14899989663323
2023-07-14 13:30:00,2023-07-14 13:45:00,long,31064.93269007595,31192.81392409493,31032.962381571208,31192.81392409493,TP,0.31165785000986934,17.478407518964747
2023-08-04 12:30:00,2023-08-04 13:30:00,short,29257.585365956038,29172.38615978541,29278.885167498694,29278.885167498694,SL,-0.17280095495317543,-11.729424832947863
2023-08-10 12:30:00,2023-08-10 12:45:00,short,29593.764342662158,29519.63150101717,29612.297553073404,29519.63150101717,TP,0.1505015610268868,10.637888767732498
2023-08-25 13:30:00,2023-08-25 13:45:00,short,26205.536252377256,26100.069233540562,26231.903007086432,26100.069233540562,TP,0.3024608304938883,17.651147587669897
2023-08-25 14:15:00,2023-08-25 14:30:00,short,26206.904864078526,26092.396746879895,26235.531893378185,26092.396746879895,TP,0.33693872966885935,19.421679739788033
2023-08-31 11:45:00,2023-08-31 12:00:00,short,27491.52764457414,27248.007896596817,27552.40758156847,27248.007896596817,TP,0.7857992583230836,30.43229247710886
2023-09-04 03:15:00,2023-09-04 05:30:00,short,26092.107715799437,25943.34162650471,26129.29923812312,25943.34162650471,TP,0.470157424287522,25.312069169447597
2023-09-09 15:00:00,2023-09-09 16:30:00,short,25901.96718253485,25841.511371298715,25917.08113534388,25917.08113534388,SL,-0.15835059824808456,-13.563937891123842
2023-09-19 15:30:00,2023-09-19 17:00:00,short,27473.424982956843,27152.524392562973,27553.65013055531,27152.524392562973,TP,1.0680399898918371,36.2161465725023
2023-09-22 00:15:00,2023-09-22 00:30:00,long,26482.003543516443,26565.088105794377,26461.23240294696,26565.088105794377,TP,0.21373971437397454,16.7903547053309
2023-10-15 08:00:00,2023-10-15 08:30:00,short,26888.580480434044,26866.95753291314,26893.986217314272,26893.986217314272,SL,-0.12010421072306647,-14.352789158858032
2023-10-20 02:15:00,2023-10-20 02:30:00,short,28823.1015294593,28654.09248617051,28865.3537902815,28865.3537902815,SL,-0.24659165245979514,-14.065733375680871
2023-10-28 11:30:00,2023-10-28 12:15:00,short,34377.004715893956,34126.77099290915,34439.563146640154,34126.77099290915,TP,0.6279101976825562,30.695270221932176
2023-12-26 15:45:00,2023-12-26 16:15:00,long,42295.33577824673,42677.34467094052,42199.83355507328,42199.83355507328,SL,-0.32579847497644404,-14.398324112605895
2024-01-30 12:15:00,2024-01-30 12:30:00,short,43725.00668128827,43430.656185591615,43798.594305212435,43430.656185591615,TP,0.5731857077625602,30.14522190012883
2024-04-13 11:00:00,2024-04-13 11:45:00,short,67782.62956961228,67373.67767116945,67884.86754422299,67373.67767116945,TP,0.5033284648876568,29.52414436357076
2024-04-17 02:00:00,2024-04-17 02:45:00,short,64221.34489206704,63695.935297399905,64352.69729073383,63695.935297399905,TP,0.7181230018620152,36.088215231029324
2024-04-29 12:30:00,2024-04-29 12:45:00,long,62003.581405126424,62369.746232059515,61912.04019839315,62369.746232059515,TP,0.49055431740402095,31.745387882677814
2024-05-14 12:30:00,2024-05-14 13:15:00,long,61405.59125879477,61862.13836325194,61291.45448268048,61862.13836325194,TP,0.643494354663976,37.50218530993324
2024-05-29 12:30:00,2024-05-29 12:45:00,long,67710.86472834324,68010.91387259775,67635.8524422796,68010.91387259775,TP,0.3431329380570131,28.342399028812412
2024-06-29 07:00:00,2024-06-29 07:15:00,short,60984.77154849062,60774.77325739164,61037.27112126537,61037.27112126537,SL,-0.18608636458201827,-17.977308704676826
2024-07-13 22:30:00,2024-07-13 22:45:00,long,58317.53220509359,58612.78357446627,58243.71936275042,58612.78357446627,TP,0.40628234462036955,31.591858366781622
2024-08-18 09:45:00,2024-08-18 10:15:00,short,60008.65097244253,59612.8919046244,60107.590739397056,60107.590739397056,SL,-0.26487583931850817,-18.24959969791892
2024-08-24 06:30:00,2024-08-24 08:45:00,short,64232.267237095504,63913.78043894989,64311.888936631905,64311.888936631905,SL,-0.22395903641778647,-17.88460770396054
2024-08-30 13:45:00,2024-08-30 14:00:00,long,59179.30331925855,59479.11909456666,59104.34937543152,59479.11909456666,TP,0.4066226847765919,31.443472908474284
2024-09-04 14:00:00,2024-09-04 14:15:00,long,56167.82372374183,56540.562668049606,56074.63898766488,56540.562668049606,TP,0.5636164971266683,38.483419452279136
2024-09-05 14:00:00,2024-09-05 14:15:00,short,57235.33763136543,56790.12877183706,57346.63984624752,56790.12877183706,TP,0.6778566143801223,43.566402255562444
2024-09-09 13:15:00,2024-09-09 13:45:00,short,55571.82920299626,55202.62932192607,55664.129173263806,55664.129173263806,SL,-0.2660912940806486,-19.79678144220765
2024-11-01 01:30:00,2024-11-01 01:45:00,long,69637.61205168959,70339.27183559074,69462.19710571431,69462.19710571431,SL,-0.3518968425354337,-19.400845813363496
2025-01-24 13:00:00,2025-01-24 13:15:00,short,105700.42766937944,105217.22590072971,105821.22811154187,105217.22590072971,TP,0.3571426807856778,31.688039034080493
2025-01-31 15:45:00,2025-01-31 16:15:00,short,105959.46222132149,104781.08707232823,106254.05600856981,104781.08707232823,TP,1.012099971338044,52.60052437451902
2025-02-13 11:30:00,2025-02-13 11:45:00,long,95805.4865057319,96219.37042785904,95702.01552520011,95702.01552520011,SL,-0.20800110129976002,-20.698600165268214
2025-04-02 20:15:00,2025-04-02 20:30:00,short,88144.23477294871,86424.16072346707,88574.25328531912,86424.16072346707,TP,1.8514311445466531,63.88550635931372
2025-04-21 05:45:00,2025-04-21 09:00:00,short,87591.05884212122,87033.94769332874,87730.33662931934,87730.33662931934,SL,-0.2590091375070201,-21.562338289149125
2025-05-17 08:15:00,2025-05-17 08:30:00,long,103056.18621944079,103403.48895646303,102969.36053518523,103403.48895646303,TP,0.23700328894639872,27.181090044929086
2025-05-26 12:45:00,2025-05-26 13:00:00,short,110003.10193459131,109693.46919071891,110080.51012055941,109693.46919071891,TP,0.1814763751448632,23.087804947341926
2025-06-20 13:30:00,2025-06-20 13:45:00,short,106074.11129159728,105821.0528960832,106137.3758904758,105821.0528960832,TP,0.1385675377646286,19.214231111804303
2025-06-24 14:15:00,2025-06-24 14:45:00,short,105495.25308181116,105142.48365306112,105583.44543899866,105583.44543899866,SL,-0.1835984128301164,-22.52075404544765
2025-08-01 05:00:00,2025-08-01 08:00:00,short,115842.31826056658,114564.67332848361,116161.72949358732,114564.67332848361,TP,1.0029172682897598,58.91135734898392
2025-08-27 20:15:00,2025-08-27 20:30:00,long,111067.80253328537,111947.5781658788,110847.85862513701,111947.5781658788,TP,0.6921068145106912,53.99009832852485
2025-08-29 12:30:00,2025-08-29 13:30:00,short,111112.4885482292,110170.6847738546,111347.93949182285,110170.6847738546,TP,0.7476128891360384,58.313605783345736
2025-09-25 23:30:00,2025-09-26 00:45:00,long,108697.04314105592,109466.9759924892,108504.5599281976,109466.9759924892,TP,0.6083291589028172,55.97302173643212
2025-12-23 03:00:00,2025-12-23 05:30:00,long,87768.51362212565,88466.37179546623,87594.04907879051,87594.04907879051,SL,-0.29877805392292617,-26.614100628484433
2025-12-27 22:15:00,2025-12-27 22:30:00,short,87901.752209203,87566.34163751124,87985.60485212594,87566.34163751124,TP,0.2815743864735366,37.58553095899808
2026-02-01 05:45:00,2026-02-01 06:00:00,long,78903.20690681532,79582.60030220413,78733.35855796812,78733.35855796812,SL,-0.31526165476111556,-26.83352923509471
2026-02-01 06:15:00,2026-02-01 06:30:00,long,78740.20179146204,79418.68913627141,78570.5799552597,78570.5799552597,SL,-0.31541961074924246,-26.296858650392817
2026-02-07 23:00:00,2026-02-07 23:45:00,long,68845.96355959914,69340.71799458654,68722.2749508523,69340.71799458654,TP,0.6186397130735054,57.00822269077432
2026-02-23 14:30:00,2026-02-23 15:15:00,long,65545.9484672295,66094.46451990386,65408.819454060904,66094.46451990386,TP,0.7368420405856336,64.12854292220686
2026-02-24 01:15:00,2026-02-24 03:00:00,long,63850.68161466421,64686.31300498574,63641.773767083825,63641.773767083825,SL,-0.42718185976640366,-28.193656789644585
2026-03-01 13:45:00,2026-03-01 14:00:00,short,67121.57793833231,66530.09155139443,67269.44953506677,67269.44953506677,SL,-0.32030411274049303,-27.62978365385169
2026-03-08 02:45:00,2026-03-08 04:45:00,long,66854.20831548372,67257.58946815855,66753.363027315,66753.363027315,SL,-0.25084359041816,-27.077187980774656
2026-03-15 17:45:00,2026-03-15 18:45:00,short,71886.8292817405,71518.28879399502,71978.96440367687,71518.28879399502,TP,0.41266760744321246,47.99294167297993
